0.0 33
0.0 33
0.0 34
0.0 34
0.0 34
0.0 35
0.0 36
0.0 37
0.0 38
0.0 38
0.0 40
0.0 40
0.0 41
0.0 41
0.0 43
0.0 43
0.0 45
0.0 45
0.0 47
0.0 47
0.0 49
0.0 49
0.0 51
0.057440086798353385 51
0.03816017663348363 41
0.019279910164869754 45
0.03565170571017756 41
0.012131461798141951 33
0.006780318878029351 36
0.0028766004120045208 37
0.018880266468613877 41
0.014227333719284585 45
0.024332486610454923 38
0.012298769021857697 41
0.044741674080239796 38
0.00039964369625589136 45
0.006533247470374037 41
0.007330077151627701 40
0.024262923596283903 33
0.013560637756058702 36
0.0057532008240090415 37
0.011879840483845827 41
0.025880692453381926 35
0.01967955386112563 45
0.008775113577443538 41
0.01617027997281878 38
0.02456963678191698 43
0.007925056466174085 33
0.018480622772358013 41
0.0061169152713573816 45
0.0038717908845363747 38
0.020340956634088025 36
0.008629801236013535 37
0.04783369637992785 41
0.00880710302591381 34
0.0007992873925117827 45
0.013066494940748075 41
0.014660154303255402 40
0.014156064521338552 33
0.015557373033011412 38
0.018812409638217842 41
0.018548479602753964 36
0.00857279590936344 45
0.011506401648018083 37
0.023759680967691654 41
0.004662626734364461 35
0.008473999363517004 41
0.02054377973278021 38
0.005938268155827764 41
0.012142710920274413 33
0.03935910772225126 45
0.00915549034818397 41
0.008394736806703107 36
0.010850999851329313 38
0.014655857732114419 43
0.0068337023621938275 37
0.00635036860906113 43
0.001198931088767674 45
0.019599742411122056 41
0.021990231454883102 40
0.01585011293234817 33
0.036961245544716026 41
0.012233830542714763 45
0.007743581769072749 38
0.0005014289418497908 36
0.04018048432632626 41
0.010477343016459306 37
0.006782259455567763 38
0.017681335379846397 41
0.0021202573979830497 45
0.015837928673708257 33
0.021800565346815848 35
0.038227305961502145 41
0.009054432604967522 34
0.008559773446860097 36
0.0015985747850235654 45
0.02613298988149615 41
0.00015340576130684624 40
0.011017488271518827 47
0.01814941457368513 37
0.001986788310346377 33
0.00405375831093524 41
0.022271582421395486 38
0.01023626111612952 38
0.020878484949893306 45
0.01739609385243357 41
0.020228725424002114 43
0.019815267521917646 36
0.017281691683590283 41
0.016383225716240846 45
0.000762366102486034 33
0.012855768029731651 37
0.010157035266304515 34
0.04751936193538331 41
0.007922506381690786 35
0.0014027470870381364 45
0.0005954713942410983 41
0.0019928541218756646 41
0.014359673210917245 38
0.011615372653609013 38
0.004698337365468319 36
0.024773849446483087 40
0.011876536311655528 41
0.019674146778657198 33
0.004611275061891629 37
0.021278128646149197 45
0.011617656444458557 41
0.04582243035389477 40
0.016882047987334392 41
0.001428932709033548 45
0.016789473613406214 36
0.012427787712058658 38
0.009274211990599968 33
0.00063763278592055 43
0.028620915543076553 41
3.0380811574026723e-05 34
2.2786323657708607e-05 38
0.013667404724387655 37
0.01270073721812226 43
0.002397862177535348 45
0.03919948482224411 41
0.018240601976109216 40
0.0019591156208755844 41
0.006694945785458595 35
0.01708579952732281 36
0.010022453522291253 33
0.02167777234240509 45
0.010767967699319314 41
0.015029514566984314 38
0.0316426045320497 37
0.016482404291078723 41
0.024467661085429526 45
0.015487163538145499 38
0.0010028578836995816 36
0.003951479845481387 41
0.05069110107908115 33
0.0027975058737910175 45
0.02292088185429897 41
0.020954686032918612 37
0.0018571644054006242 38
0.011707354505734902 40
0.035362670759692794 41
0.004240514795966099 45
0.007177124068961316 33
0.010659777173733342 36
0.009846794154604765 41
0.00399216195011709 43
0.013987880203093273 35
0.02542199809055079 41
0.004191252399987633 38
0.01608276059482261 41
0.0039615208474717 45
0.0373958053560588 37
0.01781480446748329 41
0.0011997206571678909 33
0.0005285561521115589 34
0.017580309057823484 38
0.017119546893720194 36
0.003197149570047131 45
0.0522659797629923 41
0.0003068115226136925 40
0.00486729551274756 47
0.017167681030290094 41
0.017795346033146142 37
0.018503483114224117 45
0.003973576620692754 33
0.00810751662187048 41
0.019358954422681762 38
0.02518421042010921 36
0.004789405333692098 38
0.01568311689856694 41
0.01003567969000052 45
0.002044797631728379 35
0.02967649257805771 43
0.014291080618285434 41
0.017387048471198874 37
0.003114058615382831 33
0.019051105827183168 43
0.0035967932663028 45
0.01780955175451826 41
0.03963053504383529 36
0.00135914043501284 41
0.012047501246160497 40
0.006999643962554369 45
0.007911909210478463 38
0.006245188512974398 38
0.021034350527268764 45
0.0018423529039037767 51
0.009889748001309151 41
0.001524732204972068 33
0.025711536059463302 37
0.02031407053260903 34
0.008152632464484277 41
0.007130840737826549 36
0.042156613596042725 45
0.009408134706225368 41
0.028190502366187697 34
0.007942816639073147 35
0.007902196124308425 33
0.002805494174076273 45
0.0011909427884821966 41
0.003985708243751329 41
0.002167930732087431 38
0.0023842408184377994 47
0.02416717487130926 37
0.023230745307218026 38
0.0015042868255497055 36
0.007892387905386933 41
0.026271351765537965 40
0.02327634712742821 45
0.0022974944567764055 41
0.02145557816653465 43
0.033687014175042496 33
0.0056612793822719 41
0.009222550123783257 37
0.022209478925594883 45
0.009185572251119822 38
0.011161206115583688 36
0.023235312888917115 41
0.02176851079852593 40
0.008040182452095479 38
0.004396080658814583 45
0.0019646915351350103 41
0.047513786021124105 33
0.007961609242094436 35
0.0027846789702676844 41
0.011640956405493341 37
0.01933846059890776 40
0.002857865418067096 45
0.02081812540561767 36
0.012760821821194757 41
0.024855575424117315 38
0.018548423981199935 33
0.0012752655718411 43
0.014484185809799488 41
0.04275764527635362 45
6.0761623148053445e-05 34
4.5572647315417214e-05 38
9.192144173697514e-05 37
0.02696504210270234 41
0.00027784590433599377 36
0.02540147443624452 43
0.004795724355070696 45
0.01582801615713647 41
0.030040405851956553 33
0.011571664789260083 38
0.02095888284613512 41
0.00046021728392053873 40
0.011945352148357458 47
0.021107112666198802 45
0.0029685218537416347 37
0.003918231241751169 41
0.01338989157091719 35
0.009923242100905227 36
0.02424835695374039 41
0.0059603649310391305 33
0.012161274932805277 41
0.0019232671807380974 38
0.04335554468481018 45
0.021535935398638628 41
0.03005902913396863 38
0.0006497542144199286 37
0.005195368051326366 45
0.0076512035226343755 41
0.022040137256503556 36
0.027748746019215176 33
0.02749213031650921 41
0.005472678265648234 40
0.019223472975143263 45
0.005251805241052843 43
0.024460043954662947 41
0.02425832016593965 38
0.005925171465934298 37
0.0007908354444170484 38
0.0020057157673991632 36
0.007902959690962774 41
0.005781938726324931 33
0.002113173308309957 45
0.03183736894213007 35
0.009804646130625816 34
0.051845075050771516 41
0.005595011747582035 45
0.043554665401139836 41
0.002222786339780569 33
6.431196767753278e-05 36
0.01159832308975517 37
0.0015362489216244057 41
0.0254327320778156 49
0.003342067976642049 34
0.0022541159098192765 38
0.001460212900981972 45
0.002733435189637312 40
0.02068127382183249 38
0.027125961434375512 41
0.030314125363978484 43
0.013285254721031592 41
0.008481029591932199 45
0.014354248137922632 33
0.0068446308457073 36
0.014474923501759385 37
0.01969358830920953 41
0.00798432390023418 43
0.023767519145071248 35
0.0042082412611152975 45
0.0017864141827228508 41
0.00597856236562766 41
0.04307901963275107 38
0.00836040802476301 38
2.2096775212254727e-05 33
0.02646361316085244 41
0.005701908028792779 36
0.0079230416949434 45
0.00047006237266788986 37
0.0168814615410966 40
0.05744008679835311 41
0.012885611024776367 41
0.022743997910190217 45
0.0023994413143357818 33
0.0010571123042231179 34
0.018353924244828512 38
0.016806693870818457 41
0.020405268601765947 36
0.013833825185674442 37
0.006394299140094262 45
0.003916264221882848 41
0.03564148847140647 38
0.01788233410506379 35
0.013841227846790538 41
0.017924649646599455 33
0.0030870918399861225 45
0.0073356807511739675 40
0.002450331774921821 33
0.002452890868159585 43
0.000613623045227385 40
0.00973459102549512 47
0.007149774580784474 41
0.0076039013622857254 36
0.01958168611750999 38
0.02310472473777292 37
0.012485967328519365 41
0.037006966228448235 45
0.007947153241385507 33
0.01621503324374096 41
0.03443111071826266 38
0.004286798127100866 45
0.002507144709249509 36
0.031458761648575084 41
0.016402514482393826 37
0.009578810667384197 38
0.027704552468791555 41
0.0036616813283423255 33
0.02007135938000104 45
0.002187527020870661 35
0.0019020682425860969 40
0.0019128983577614278 43
0.02663589351933293 41
0.01864012927973757 41
0.012164063999283492 36
0.012086323632263252 41
0.016336336198612855 45
9.114243472119199e-05 34
6.835897097356991e-05 38
0.02885792556178224 37
0.005916171380615509 41
0.006228117230765662 33
0.011384500909132456 43
0.02671771074523388 38
0.0071935865326056 45
0.03561910350903652 41
0.021820983289316587 36
0.025705560824566653 41
0.0052610292763120015 37
0.010601286989915693 45
0.015872209707559648 33
0.00271828087002568 41
0.024095002492320994 40
0.013999287925108739 45
0.015823818420956925 38
0.0008036970899407692 38
0.0058773468626274195 41
0.005809333073380607 35
0.014275504282994511 45
0.027793196771543016 36
0.0036847058078075534 51
0.019779496002618302 41
0.003049464409944136 33
0.027017896156929844 37
0.007593230228861714 45
0.016811945733135047 41
0.04062814106521806 34
0.016305264928968555 41
0.014261681475653099 36
0.001736956693336289 45
0.004785779063685602 38
0.01602165814766998 43
0.0023198614034818377 38
0.0020088850855577434 33
0.009251528340399773 41
0.01070083166015845 40
0.03748772679779577 37
0.011287036239751913 41
0.007529233172698824 45
0.03862381738590237 34
0.006648345638934572 41
0.011108841707538453 36
0.015885633278146294 35
0.01580439224861685 33
0.005610988348152546 45
0.002381885576964393 41
0.007971416487502658 41
0.004335861464174862 38
0.004768481636875599 47
0.040364327209800877 37
0.007970022532817644 41
0.018518306115636207 38
0.0036789740599116882 43
0.024264210438888156 45
0.003008573651099411 36
0.011854439536443273 41
0.0039303362743305925 33
0.0007670288065337871 40
0.040888282181045454 47
0.010887392543496688 41
0.0033117666330522155 45
0.026879857498852466 37
0.016361070122951737 38
0.004594988913552811 41
0.04017960494366779 43
0.0027315513894015098 36
0.0015414239303579436 33
0.00839251762137394 45
0.020268791554675758 41
0.009368236275642872 38
0.027803058968034478 35
0.0113225587645438 41
0.018445100247566515 37
0.027672427786242793 45
0.016746530064946974 41
0.005571493216201873 38
0.0033997408772972193 40
0.009399910408740553 33
0.022322412231167377 36
0.009209878994025367 41
0.0012778698532152077 34
0.035982876930593655 45
0.010969461020518878 40
0.008445958352539584 41
0.0241216022239934 37
0.016080364904190958 38
0.008792161317629166 45
0.0039293830702700205 41
0.021531372206882615 33
0.02439337497569216 36
0.007585956545509198 38
0.0293680153158542 41
0.00017236714796009522 45
0.011976485850349938 43
0.015923218484188872 35
0.005569357940535369 41
0.02047106418455602 37
0.002810848626430662 41
0.010729818028925031 40
0.017858998017906025 33
0.010088105150984461 41
0.005715730836134192 45
0.029062493611272444 36
0.012573757199962898 38
0.025521643642389513 41
0.022726638142078315 38
0.00919180501388528 45
0.002692757528530265 41
0.015099950163740772 37
0.03709684796239987 33
0.0025505311436822 43
0.006146916697085558 41
0.022821454922513418 36
0.02847171517875502 45
0.035384518221895256 41
0.018012190576114584 40
4.770460443825897e-05 35
0.0035991619715041168 33
0.00012152324629610689 34
9.114529463083443e-05 38
0.00018384288347395028 37
0.0011891570319351175 41
0.00849930442279323 38
0.044241622750676335 45
0.0005556918086719875 36
0.002954310784276437 43
0.006654910466830977 41
0.041193727621381626 34
0.009591448710141393 45
0.03165603231427294 41
0.02272361118860111 33
0.003060443295479054 37
0.028568727923341974 41
0.005728029296490966 45
0.009976407695537759 38
0.013166921882982408 36
0.012023780843753329 41
0.029893984848516908 38
0.0009204345678410775 40
0.014601886538241793 47
0.009288817758473122 41
0.000578833467624662 45
0.04163539186477294 33
0.005937043707483269 37
0.007836462483502338 41
0.02677978314183438 35
0.012832748766619773 36
0.007013735435190682 45
0.0029773569712059356 41
0.009964270609378545 41
0.0355550863268963 38
0.011920729862078261 33
0.021991082765985936 41
0.002331467099624618 43
0.003846534361476195 38
0.02045735845177976 45
0.008813644119487485 37
0.024959326335302734 41
0.02247785862022411 36
0.0010138282071174842 34
0.008989073635708777 40
0.008889174062217009 41
0.014841801785881792 45
0.019340894949178455 33
0.01436821600107585 38
0.04574984226686141 41
0.0012995084288398573 37
0.010390736102652731 45
0.015302407045268751 41
0.00441389592208008 36
0.006134392895185137 35
0.010770623024933812 43
0.020818767910885327 38
0.0019425947599227555 41
0.02582684577090788 33
0.02967064626752247 45
0.018739384186821972 41
0.02413385766803522 38
0.012111018778161231 37
0.002455826165335573 40
0.005645487755234768 41
0.0028440426107261274 36
0.02910477010413981 45
0.009342175846146716 33
0.010503610482105685 43
0.04664970699944426 41
0.0022703809098816308 45
0.008519998889027214 38
0.03999664144285209 41
0.011850342931868596 37
0.001581670888834097 38
0.0040114315347983265 36
0.0006481954239401233 41
0.015157723957985425 40
0.011563877452649862 33
0.004226346616619914 45
0.02584394334715867 35
0.025444950730849847 41
0.012385843806251629 41
0.019609292261251632 34
0.00407742130503852 41
0.00401246536466715 40
0.029030154361142202 45
0.0030998840126725824 37
0.003551810930000343 45
0.007685889118581812 36
0.005982461706250497 33
0.0037787701328309 41
0.023735727631435388 38
0.018735565538923638 38
0.01119002349516407 45
0.05191302808664133 41
0.005527058711711774 51
0.014441783068157577 41
0.012528370070160832 43
0.002699090865608156 45
0.004445572679561138 33
0.00012862393535506556 36
0.02319664617951034 37
0.0030724978432488115 41
0.04040348609179212 49
0.010461978063839084 35
0.003502124799473094 34
0.003182011153811004 41
0.004508231819638553 38
0.002920425801963944 45
0.0010738403291483678 40
0.0043930300501262565 47
0.04136254764366498 38
0.007880862915751408 41
0.016577034477702313 33
0.006908942813385721 36
0.01448357940009437 37
0.008401503261817211 45
0.00318816392960386 43
0.05744008679835311 41
0.026570509442063184 41
0.009719101899644755 45
0.007242957284219642 38
0.013907518172425526 33
0.014800978103419737 41
0.013423426015256368 36
0.00015190405786924543 34
0.00011393161828898712 38
0.02894984700351877 37
0.007290599277194332 41
0.009853316968593262 45
0.022243260372631468 40
0.01596864780046836 43
0.0020842623794656845 35
0.021744187537752424 41
0.023706588372924386 33
0.008416482522230595 45
0.0035728283654457016 41
0.0051440588133857545 41
0.006813065917869565 36
0.00650379219626096 38
0.007152722455314731 47
0.03182644741552387 37
0.026170865745806182 41
0.014504211452596394 45
0.01672081604952602 38
4.4193550424509453e-05 33
0.05292722632170488 41
0.004512860476648228 36
0.00689095558093733 41
0.0158460833898868 45
0.0009401247453357797 37
0.021387561202992345 40
0.012375361879200852 38
0.03560751215975522 41
0.009443620054666368 33
0.012388954583931522 45
0.009795578104379032 41
0.033474728927291864 35
0.009703539188590682 36
0.004466240578091529 38
0.0068924833703292165 41
0.012967955188491587 43
0.00591078349073193 37
0.00458422841631112 45
0.02708463633249103 51
0.013819131071578283 41
0.0047988826286715636 33
0.0021142246084462357 34
0.036707848489657025 38
0.006491311884680329 41
0.023719099301853674 45
0.00340297655510291 40
0.023826699056716194 36
0.0169838381468157 41
0.008229224929797496 37
0.019438425441551388 43
0.00481934826359165 45
0.007969250016596874 33
0.007832528443765696 41
0.046007310052830874 38
0.0036002483017565368 38
0.021675418588225526 41
0.0022810498633774046 35
0.0014151099016928015 36
0.032068508445057375 45
0.014107237734812372 41
0.01074224160179682 37
0.0028329763569718835 41
0.02975763110477203 33
0.00609166818842688 41
0.006174183679972245 45
0.014671361502347935 40
0.004900663549843642 33
0.00490578173631917 43
0.00122724609045477 40
0.01946918205099024 47
0.01378802922098643 41
0.0005115199405825166 49
0.005831748304053974 36
0.009376054420517477 38
0.01474449293576896 38
0.013188241976443749 45
0.005894074605404143 41
0.005336562717403126 33
0.04620944947554584 37
0.02497193465703873 41
0.018808992075536324 45
0.013659160065778053 34
0.0046426298715349645 41
0.0043689934102904004 36
0.024543635790244878 34
0.00799052124351185 35
0.015894306482771015 33
0.0051748652756860025 41
0.0005171592164838756 38
0.002662012418632287 45
0.02407602957667976 37
0.010846839639802042 38
0.014163180671069142 40
0.04385220112565413 41
0.008573596254201732 45
0.005014289418499018 36
0.01975739922740516 41
0.03702587124344703 33
0.0006568163275009198 43
0.005477436498797061 41
0.019094854461986444 37
0.013710174502801209 45
0.019157621334768393 38
0.042768878089820106 41
0.001959957419519043 36
0.01068026942824396 38
0.002030981860769998 33
0.005292380795914653 41
0.04014271876000208 45
0.004375054041741322 35
0.0038041364851721937 40
0.0038257967155228556 43
0.002600836086793734 41
0.0408517213426034 37
0.009819229609268731 45
0.004168299759687244 41
0.013949978853130318 41
0.01916197994665758 38
0.0005087650496200524 36
0.02381936294894693 33
0.024172647264526503 41
0.03267267239722571 45
0.00018228486944238398 34
0.00013671794194713982 38
0.0002757643252113695 37
0.05744008679835311 41
0.004892737099657651 41
0.006939605661573367 45
0.011622696748521122 33
0.0008335377130102017 36
0.02276900181826491 43
0.009285822027003121 38
0.0010966857303227329 40
0.043052913733141907 41
0.011234808327996504 45
0.0030272179786230424 37
0.00012514675859165436 35
0.04748404847140897 41
0.009956038326944139 33
0.011886286754700492 41
0.0019118334650194413 38
0.00997488334855312 36
0.03366708323008005 45
0.022725092430574634 41
0.028686029218558673 38
0.006028965149221577 37
0.004493093403402426 41
0.021202573979831385 45
0.031744419415119296 33
0.004141200929685951 41
0.001295360810365409 36
0.0013806518517611721 40
0.03583605644507237 47
0.010973296687808443 45
0.0038135200736597596 45
0.024185055776557718 41
0.024349465460570485 38
0.0006994495358956243 37
0.006598721845447741 43
0.0016073941798815383 38
0.003907286295058654 41
0.007847407430196185 33
0.011618666146761214 35
0.02386556937131168 45
0.004685439194677343 34
0.005515718360348032 36
0.02425400794236765 41
0.02581666724037035 41
0.007369411615615107 51
0.004093449707147201 41
0.020481980583547 45
0.014983561714542404 43
0.006098928819888272 33
0.011782165973230008 37
0.011969809210425453 41
0.019530396797589944 40
0.004983618790399547 38
0.005769801542214736 38
1.3822807341412613e-05 45
0.015172637650382015 36
0.02388350831285635 41
0.009740383153413745 40
0.023816195332083012 34
0.01777061091705967 41
0.005203105258701157 33
0.019807604237358944 45
0.014658766385233335 37
0.023634534209099556 41
0.008975995648837554 35
0.024829556940415998 36
0.0036938060108901993 41
0.003473913386672578 45
0.009571558127371205 38
0.03204331629533996 43
0.004639722806963675 38
0.004017770171115487 33
0.018503056680799546 41
0.0214016633203169 40
0.0019492626432580096 37
0.015586104153978653 45
0.022953610567904903 41
0.03448647623044998 36
0.022574072479503826 41
0.00905986305955686 45
0.005998603285840787 33
0.0026427807605582387 34
0.017164767212893395 38
0.037028119589109565 41
0.020411967209243542 37
0.003294162314634974 41
0.00034711372914308924 45
0.00965541523409108 38
0.022217683415076905 36
0.021925712105407058 35
0.00984555445088553 41
0.015190749700288109 33
0.01641803479694559 40
0.011221976696305092 45
0.004763771153928786 41
0.015942832975005317 41
0.008671722928349723 38
0.009536963273751198 47
0.00753315189808923 37
0.01575541572315764 43
0.0036397719878369372 41
0.018534656795411664 36
0.02332283137781488 45
0.011942826637291404 33
0.01594004506563529 41
0.037036612231272414 38
0.004463429501445404 43
0.0028945186183779725 41
0.02838040014672316 45
0.017775514397802894 37
0.002372506333250257 38
0.006017147302198822 36
0.023708879072886546 41
0.007860672548661185 33
0.0015340576130675743 40
0.007951086017246922 47
0.006339519924930315 45
0.010045871621560565 35
0.05744008679835311 41
0.021774785086993376 41
0.006251363319483616 45
0.00021266568101729888 34
0.00015950426560351616 38
0.013367701853024272 37
0.01567406659223103 36
0.001920497984711389 41
0.022797448567738243 33
0.032722140245903475 38
0.0024948749221245237 41
0.006695102904981098 45
0.04825010897124926 43
0.025521717941092703 41
0.006587382974993616 37
0.0054631027788030195 36
0.000530595397032485 33
0.002552252463683402 40
0.01678503524274788 45
0.040537583109351516 41
0.01690250368900159 38
0.0003854599419934601 41
0.001448508920290692 38
0.019541172528452222 35
0.03606494540761673 45
0.015783822606714182 41
0.006668359019339931 33
0.0001929359030334865 36
0.0010134190190402848 37
0.03378155025022522 41
0.002095231225867522 41
0.002513515539005695 45
0.05283134003347989 49
0.023466856199966912 41
0.010026203929927036 34
0.006762347729457829 38
0.004380638702945916 45
0.006799481754594439 40
0.0014008238143166096 33
0.004603734667146142 38
0.012795262336018354 41
0.006973254781064142 36
0.014366854260282835 37
0.023304715420987776 43
0.018419757988050733 41
0.0025557397064304155 34
0.03646458910387196 45
0.013713809346130645 41
0.010223988158641006 35
0.0057093497239435465 43
0.005854017528600153 33
0.021938922041037756 40
0.0016955875296105205 41
0.0014427555163756267 45
0.0060222304734516285 36
0.007731343185641393 38
0.04054817009327394 37
0.00769503435471286 41
0.032160729808381916 38
0.011313529869575234 45
0.0062707927656830975 40
0.007858766140540041 41
0.04306274441376523 33
0.006518576244049612 36
0.014015316293074065 41
0.006560537705150082 37
0.021692319709110564 45
0.015171913091018396 38
0.043510471850716215 41
0.013929614947636892 33
0.0012959438333552953 41
0.00034473429592019045 45
0.0183531252472946 43
0.005599846453405277 38
0.015670941434295926 35
0.01617549553408182 36
0.011138715881070738 41
0.028317404585768813 37
0.012624723783343228 45
0.005359242548170329 41
0.0002624547046909953 41
0.0016874633743757528 40
0.015985769017815343 47
0.003786403665658966 38
0.03571799603581205 33
0.008813367569626251 41
0.01136284273234267 34
0.011431461672268384 45
0.0258324148241158 36
0.008262115469065634 41
0.024030456929363453 37
0.02508122407428992 38
6.6290325635876e-05 33
0.0008963001370982937 41
0.05014698714768073 45
0.006396799513574081 38
0.021950752684203323 41
0.015522737629618533 36
0.0015829864567606933 35
0.01838361002777056 45
0.00538551505706053 41
0.0014101871180045578 37
0.019790369504471883 40
0.008999343705005103 43
0.021854671413811033 33
0.009593121607514021 41
0.010183444998199676 45
0.024814774814572615 45
0.007747683090702395 38
0.0051010622873644 43
0.012293833394171116 41
0.014416967280153514 36
0.030729286124028476 38
0.0004966564408448448 41
0.0020122582042123582 45
0.011288119651309714 37
0.04364305250198797 33
0.03865683307432555 41
0.009571489204507344 45
0.009211764519520216 51
0.002636914104135357 41
0.010692035541302047 36
0.03602438115222917 40
9.540920887651794e-05 35
0.0071983239430082335 33
0.00024304649259221378 34
0.00018229058926166886 38
0.00036768576694790056 37
0.002378314063870235 41
0.01699860884558646 38
0.03806316388889641 45
0.023063065153886342 41
0.027357016458569916 41
0.001111383617343975 36
0.005908621568552874 43
9.701274458784326e-05 41
0.01321280818907411 45
0.014350537984707756 34
0.02653544170103217 33
0.003244286178951228 37
0.035485914251768946 41
0.002771275126303152 38
0.019182897420282785 45
0.011748792665647656 41
0.008113404450163841 38
0.020900965206609 40
0.01667692447593261 36
0.005871977830192776 41
0.013105301383008694 33
0.03234192099419353 45
0.006120886590958108 37
0.0037930844831599586 41
0.05334437136352399 35
0.0003026309516691583 45
0.011153427641312774 41
0.019952815391075518 38
0.010417440507982434 36
0.01591640325798238 33
0.024047561687506658 41
0.013809983994308439 38
0.009261275519959256 45
0.0013237785936173196 40
0.008997487002961435 37
0.011685776656943148 41
0.00735099532476724 33
0.007358672604476979 43
0.001840869135682155 40
0.01880435980925732 47
0.010399413267226265 34
0.018577635516946245 41
0.001157666935249324 45
0.0017140212901587404 33
0.0018508409764983469 36
0.020960863110360606 43
0.013179058969141622 38
0.04556599938338657 41
0.011171812767042155 37
0.0007022746479243835 45
0.015672924967004676 41
0.020673405742359208 35
0.01904067745300786 38
0.0020530786359813646 33
0.011792404452320326 41
0.025665497533239545 36
0.014027470870381364 45
0.005954713942411871 41
0.01992854121875709 41
0.01083965366043671 38
0.0021604971773676596 47
0.009760706914821782 40
0.014750687826969866 37
0.01817799182069102 41
0.015420635253505566 45
0.023841459724156522 33
0.0021354851622863436 41
0.04184668036968553 36
0.004662934199249236 43
0.00769306872295239 38
0.0011019183441813851 45
0.03981279855937814 41
0.013223342847275887 37
0.004403945391699082 38
0.011810245986019652 41
0.015742519464831517 33
0.009505492838451701 35
0.012860394381302598 45
0.007521434127747639 36
0.034670199209445585 41
0.002764083903254999 34
0.0020276564142349685 34
0.017978147271417555 40
0.017778348124434018 41
0.019157850022939016 45
0.010525753548824568 37
0.009978135102155505 33
0.003503781954725227 41
0.02519987284147618 38
0.01155807858437008 38
0.015676791377346788 36
0.001501562040434834 45
0.05744008679835311 41
0.025673570608022445 41
0.008386027127347262 33
0.0025990168576797146 37
0.020781472205305462 45
0.011487472283880251 41
0.01911734180665725 43
0.00882779184416016 36
0.006562581062610207 35
0.005706204727760067 40
0.005738695073285172 43
0.004371168185745233 41
0.011431382790837219 38
0.001576153451594564 38
0.04006138237017609 45
0.0031527856673569943 41
0.0007324038524885168 34
0.01858240423979929 33
0.008715403563719804 41
0.02435588373829667 37
0.0019012057366918356 45
0.02094789480050352 41
0.03649219199784959 36
0.03625897089679242 41
0.0012197974768515252 45
0.0020581268563795163 38
0.017903191568329646 33
0.027827892694276102 41
0.0002734273041653523 34
0.00020507691291982155 38
0.024222037556322462 37
0.001994274896988557 40
0.0029173774336825886 47
0.011290975510469536 41
0.005688085221452255 36
0.03433338568662059 45
0.006127640379810728 35
0.017748514141848304 41
0.018684351692293433 33
0.01870637153126431 43
0.002300849432947061 45
0.013146281763189549 41
0.012283514736166623 38
0.032010290298996935 37
0.0016340562204355535 41
0.034225270980099864 36
0.0045407618197632615 45
0.013000130831727574 38
0.004039866946326853 33
0.05744008679835311 41
0.0016215951397047235 41
0.014957821895961843 40
0.005973779051684502 45
0.023700685863737192 37
0.003163341777668194 38
0.008022863069596653 36
0.0012963908478802466 41
0.03031544791597085 40
0.023127754905299724 33
0.0027004931292040624 45
0.005752200104035765 41
0.04694665793812014 35
0.004741228756197202 38
0.019676595675345965 41
0.015783087828934228 37
0.0043006209344422786 45
0.011129597022977222 36
0.0065501853366534135 41
0.003938172586051891 41
0.005885285089622272 43
0.00839804460017568 33
0.0036998930647822448 34
0.0007411365922980195 38
0.034777554865423 43
0.00815484261007704 41
0.0080249307293343 40
0.041260313458941766 45
0.016799995263342637 41
0.006199768025345165 37
0.007103621860000686 45
0.015371778237163625 36
0.008864786587041706 33
0.0031001368254592876 45
0.0075575402656618 41
0.047471455262870776 38
0.002411091269820531 38
0.017632040587884035 41
0.01742799922014271 35
0.02238004699032814 45
0.013923394851335757 41
0.006523071007318748 37
0.0032403164390224504 36
0.033753304500674375 33
0.014688090080454685 41
0.0010920395626996537 40
0.030605839731776996 45
0.011054117423423548 51
0.019856309287519025 41
0.009027256848796128 38
0.001812942781761251 43
0.023243797358560414 38
0.0034997805217180655 45
0.001898401209498246 41
0.008891145359122277 33
0.0002572478707101311 36
0.04639329235902068 37
0.006144995686497623 41
0.028515400425270343 49
0.022779690686586918 45
0.008615111857423585 41
0.02089676921430339 34
0.008038225847950997 35
0.01288573027972717 33
0.007004249598946188 34
0.0011326272785865399 41
0.005231395029035468 36
0.0018061717197070948 38
0.007210291919570011 37
0.005840851603927888 45
0.0021476806582967356 40
0.008786060100252513 47
0.025285008488978633 38
0.02187212236540148 41
0.03166854021498011 41
0.003899424217969738 45
0.015761725831502815 41
0.033154068955404625 33
0.008524292011447443 36
0.005293593615323999 41
0.02896715880018874 37
0.0052108700800062024 45
0.01159213644362822 38
0.002765200747429475 43
0.003611127111778245 43
0.044453847331233476 41
0.006959584210445513 38
0.006026655256672342 33
0.014980842250643889 41
0.01277374277055543 45
0.01150429047567414 40
0.002132846058700011 36
0.016048365242781415 35
0.0024169932033188957 41
0.05072402568080747 37
0.004299067914224963 45
0.015139135885064547 41
0.014485914568439284 38
0.027815036344851052 33
0.029601956206839475 41
0.004259152512418041 36
0.022587699518094695 45
0.00030380811573849087 34
0.00022786323657797425 38
0.00045960720868620797 37
0.05744008679835133 41
0.007836669365328675 41
0.006744529189059989 33
0.019706633937186524 45
0.013958903581389848 40
0.009193350725389848 38
0.01994503691680194 41
0.001389229521681301 36
0.0314071087493879 43
0.0005301868515488195 45
0.0008323171382436101 35
0.003336207620687759 37
0.04348837507550485 41
0.013951711722850035 33
0.011611298576596596 41
0.0013027487157408757 38
0.020547417730661266 40
0.01683296504446119 45
0.007145656730891403 41
0.010288117626771509 41
0.01362613183573913 36
0.01300758439252192 38
0.014305444910629461 47
0.0062128080326928625 37
0.014181554858129886 41
0.007518439129199805 45
0.019121085974617813 33
0.01661900683640738 40
0.052341731491612364 41
0.005098355306738966 45
0.0006311983367375262 41
0.023278869261716295 36
0.024440610755203096 38
0.008671171296750657 37
0.00032985004709829013 38
8.838710084901891e-05 33
0.007711315724911572 41
0.014313583422097764 35
0.011036922179734177 43
0.013217838662004766 45
0.0005627578301776737 43
0.010597668979425379 34
0.04841436584505843 41
0.009025720953296457 36
0.01378191116187466 41
0.021781407447456047 45
0.009910759332317554 33
0.0018802494906715594 37
0.0023010864196031378 40
0.007784672946428373 47
0.03268936303995318 41
0.0035194735803614208 38
0.015733251175046092 38
0.005497999002994192 45
0.03875744655502089 41
0.018682640243333992 36
0.01377493752115555 41
0.018887240109332737 33
0.007616624302613673 45
0.0023186755965411976 34
0.014842609268708173 37
0.019591156208758065 41
0.03784893058959682 35
0.00835687642949523 41
0.005025391036124205 38
0.015718259799367473 45
0.019407078377181364 36
0.0009190375891634517 38
0.004460931671363966 33
0.003552511895655641 40
0.013784966740658433 41
0.007491684230505058 43
0.018444226146478115 41
0.01182156698146386 37
0.005897642699249417 45
0.0032708141333728236 41
0.05416927266498206 51
0.019443607974952926 41
0.008194654168203641 36
0.004624271791076495 33
0.004973493466266632 45
0.0042284492168924714 34
0.015975610180959166 38
0.0368442767056365 41
0.02059581009271838 37
0.003366287865670614 41
0.009616335903690043 38
0.018488372923240348 45
0.025969090105750325 35
0.0029807355747166753 41
0.0028691454802647343 40
0.003936807629941086 33
0.04135611171792419 36
0.006297286395508195 45
0.017131990006941322 41
0.016835686286690077 38
0.016458449859594992 37
0.007013960645124939 43
0.03186289023797784 41
0.006867470052942082 45
0.0027712264742412174 43
0.015938500033193748 33
0.00012976939488851258 41
0.01553528749264288 36
0.04177502991082349 38
0.012582980073105432 41
0.018508095808520864 45
0.019148514313211962 37
0.0072004966035130735 38
0.009513983045092544 41
0.010199222631889882 40
0.023637631499468625 33
0.004562099726754809 35
0.002830219803385603 36
0.00669693009176342 45
0.03640640496985981 41
0.021033681828491524 45
0.027629636982076988 41
0.0003341889273116294 34
0.00025064956023612694 38
0.003248771072097867 37
0.018235712131495774 45
0.005665952713943767 41
0.002075175411192731 33
0.02590710358438386 41
0.012348914028788016 38
0.019184069185179453 36
0.01218333637685376 41
0.01234836735994449 45
0.02934272300469587 40
0.0035656600568607644 33
0.00623566704282652 41
0.00981156347263834 43
0.00245449218090954 40
0.00683615236124524 47
0.008238655241363801 37
0.016766982711352796 33
0.007096573788018645 45
0.02757605844197286 41
0.0010230398811650332 49
0.011663496608107948 36
0.004281021539778607 38
0.010687061189269542 51
0.002209409138057339 35
0.0015746169739294658 41
0.02948898587153792 38
0.026376483952887497 45
0.011788149210808285 41
0.010673125434806252 33
0.03497881215273679 37
0.011783692680598534 41
0.00715848635250893 45
0.03849790776524742 36
0.022580477985837177 41
0.012101739175989223 40
0.012757637759158058 38
0.0025040143930930014 33
0.002617494639025608 45
0.004878722845251815 38
0.019584674233609434 41
0.0018025921274791301 37
0.00873450030570666 43
0.027318320131556106 34
0.009285259743069929 41
0.008737986820580801 36
0.012640712585557878 34
0.0005171014438829502 45
0.026259026205263325 43
0.009670431345785602 41
0.0159810424870237 35
0.03178861296554203 33
0.010349730551372005 41
0.0010343184329677513 38
0.005324024837264574 45
0.0403603534297865 37
0.0003716595469640538 36
0.007420046176608963 41
0.013261133400312985 38
0.008432545879291098 41
0.02043050016160919 40
0.007895861180529096 45
0.0038630927446376973 41
0.053576994053717186 33
0.013831473409599226 41
0.016432842043354157 37
0.01319301528631911 45
0.003954177222084354 38
0.010028578836998037 36
0.03951479845481032 41
0.017925288343541013 33
0.010984405288084531 41
0.008734409910381657 45
0.0018314566311659064 38
0.03457618231372095 35
0.0013136326550018396 43
0.010954872997594123 41
0.02469209992899124 37
0.002107615744737501 40
0.011389993250244146 36
0.008295504876784321 45
0.017726417366638714 41
0.0013984267621793833 33
0.038315242669536786 38
0.008416856145224472 41
0.021447815611473686 34
0.027575415041653173 45
0.008078272585592572 41
0.02001939679569631 37
0.003919914839038086 36
0.02136053885648792 38
0.004061963721539996 33
0.010584761591829306 41
0.041647682724885726 45
0.0052076424816398514 38
0.03343011231347859 41
0.008750108083482644 35
0.002607897942215942 40
0.0039568198861346104 47
0.001043555141993835 45
0.007651593431045711 43
0.005201672173587468 41
0.01323907791766743 37
0.013148991897384832 36
0.025850344809715153 33
0.023631760895259646 41
0.005833267165179734 43
0.01485132518174126 45
0.004787134036796203 38
0.008336599519374488 41
0.027899957706260636 41
0.015175515124610683 38
0.014364613967483564 47
0.0023250717615823646 41
0.006458759039638551 37
0.0010175300992401048 36
0.00038375699510950767 33
0.047254968902784356 45
0.04834529452905301 41
0.0003681733382805419 45
0.008726618931017782 40
0.036149360181255474 41
0.009160592616069607 40
0.00014311381331566508 35
0.01079748591451235 33
0.0003164457843887192 34
4.812395449604878e-05 36
0.00027343588389427964 38
0.000551528650422739 37
0.003567471095802688 41
0.025497913268381467 38
0.028374702434167176 45
0.007681244608122029 41
0.049758842190232855 49
0.009785474199315303 41
0.013879211323146734 45
0.023245393497042244 33
0.0016670754260204035 36
0.005434803290402357 43
0.00342812906242429 37
0.019964731400492042 41
0.016710339883211134 34
0.011270579549098159 38
0.0073010645049080836 45
0.0021933714606454657 40
0.01147380448754376 41
0.045966282310811124 38
0.0018763044342868795 41
0.02678943623364205 33
0.008587419061541368 45
0.01388219759445164 36
0.006054435957246085 37
0.0002502935171833087 35
0.057440086798354884 41
0.009385830503060077 41
0.0029567541701887023 45
0.025185425471214273 38
0.019912076653888278 33
0.020085708182680406 41
0.0006639253924909383 41
0.0030229399342296404 43
0.0038236669300388826 38
0.01994976669710624 36
0.0007127497753742773 45
0.009181329886434497 37
0.0043398760097304034 41
0.042304286096996435 40
0.010795924691624492 34
0.01573962905629145 41
0.0003428321411433899 33
0.012183635774242418 43
0.01718408788947201 45
0.011989901937205616 38
0.017939321149405885 41
0.027442835350505845 36
0.012057930298443154 37
0.008986186806804852 41
0.0026433601598583323 45
0.024441795564595026 35
0.015319992235209412 38
0.0060487520318837085 33
0.04714636344028733 41
0.010293723358067552 45
0.008282401859371902 41
0.002590721620730818 36
0.0027613037035223442 40
0.007483271067066255 47
0.021387857837215307 38
0.014934530710444704 37
0.02786645327541848 41
0.001736500402873986 45
0.0202100929727429 33
0.007627040147319519 45
0.048370111553115436 41
0.007695457814573814 38
0.001374517430662081 36
0.008586543110549627 41
0.03104241256535545 45
0.0013988990717912486 37
0.013197443690895483 43
0.0032147883597630766 38
0.007814572590117308 41
0.01569481486039237 33
0.023237332293522428 35
0.010693367054322778 45
0.017406370950475036 41
0.019631400737825544 40
0.009370878389354687 34
0.011031436720696064 36
0.027466809579163254 41
0.009285545684736718 45
0.00671392303639351 37
0.005041737584441819 33
0.008932070913619583 41
0.0032287937766213304 41
0.026664018051512528 38
0.012808451738987259 38
0.014738823231230214 51
0.008186899414294402 41
0.028564831373330435 45
0.012399129793763564 36
0.008289226216966483 43
0.021677897212118324 41
0.012197857639776544 33
0.012471321195882012 37
0.011093010750578003 45
0.023939618420850906 41
0.011449609513501713 40
0.022050858863998712 35
0.005560325217679463 41
0.0029728362819234633 38
0.00699440129887563 43
0.011539603084429473 38
2.7645614682825226e-05 45
0.030234791424703644 36
0.00011048387606038546 33
0.030999154439889764 41
0.016767862185822935 37
0.009673070172638631 40
0.007787255718039177 41
0.0020204404161496825 45
0.047632390664166024 34
0.017437892207553318 41
0.018103329626566023 36
0.0031267035714606095 33
0.007279506945941705 38
0.011492654446829675 45
0.027431381269877875 41
0.0003949505504614592 34
0.0002962222075488796 38
0.002350311863338561 37
0.02696722090712811 40
0.02666752218664925 41
0.02060154623154986 45
0.010171018380155772 35
0.007780972917519335 41
0.005971867828421296 36
0.0436872460524107 33
0.007387612021780399 41
0.006947826773345156 45
0.010910514820757555 38
0.008232601433984854 37
0.02396153174848692 43
0.019490236788438864 41
0.020634864053754143 41
0.005422687813069871 38
0.00385675780085748 45
0.006159593969719879 33
0.0018759463725110948 36
0.03700611336159909 41
0.002914709464832299 40
0.017519263971923493 47
0.022369353203878006 41
0.003898525286516019 37
0.021175160492628464 45
0.009997047815328841 38
0.0276161653679452 41
0.018291055767864606 33
0.011532865662545078 36
0.0017088221036942741 41
0.005279146221830899 35
0.013124032463721846 45
0.03231186907480321 43
0.005016216934304651 38
0.01949275279186935 41
0.025655392167138302 37
0.012291941839343679 45
0.005827784279770043 41
0.011997206571681573 33
0.0052855615211164775 34
0.013139749473204176 38
0.00728905898620269 36
0.013900725966379923 40
0.000983861801774566 41
0.024884372992364234 43
0.03157185200421253 45
0.0166161523798678 41
0.02486333761008197 37
0.015960596808405114 33
0.006588324629269948 41
0.0006942274582861785 45
0.01931083046818216 38
0.02962477000472674 36
0.0012219342378898546 38
0.013588662587537215 41
0.031159838675215212 35
0.012691585535598904 45
0.013739551967862695 41
0.005951556933908364 37
0.030381499400576217 33
0.007367478496007607 40
0.016936463265704305 41
0.00853212783217927 36
0.022443953392610183 45
0.009527542307857573 41
0.019581321109413352 41
0.012304344840597281 38
0.017343445856699446 38
0.006113702805240706 47
0.0020972721864040977 33
0.00618868093301117 41
0.0046742706228464215 45
0.01506630379617846 37
0.03151083144631528 43
0.0072795439756738745 41
0.03706931359082333 36
0.013091229231857682 45
0.008218600433025358 41
0.01724990263835835 34
0.008085930452388368 35
0.02305142224895107 33
0.0008342310256317376 40
0.0075531793395562374 41
0.0004331718042962507 38
0.01708259625777231 37
0.0068111427296457805 45
0.023182621352717092 38
0.0020280361822493376 36
0.00034933913211432355 34
0.048513227795464076 41
0.008926859002890808 43
0.005789037236755945 41
0.005977015198840974 45
0.04567403436275441 33
0.005109750731850937 41
0.03555102879560579 37
0.0032884343427852514 38
0.001456578323715263 45
0.012034294604397644 36
0.0019445862718185936 41
0.036678403755871614 40
0.005555869125437596 33
0.0032388989926452894 38
0.0034568907565244444 33
0.006565437896053794 43
0.005699016444744132 41
0.0030681152261351485 40
0.015902172034493844 47
0.01267903984986063 45
0.02009174324312113 35
0.0022331503198458336 41
0.03351572258407742 37
0.021691213894431627 36
0.00538939354050072 41
0.010938899376498057 45
0.009301084140599158 38
0.031810709740753396 33
0.01889476539419732 41
0.02465480477978943 41
0.012502726638967232 45
0.00042533136203459776 34
0.0003190085312070323 38
0.0006434500921592701 37
0.026091953613889274 41
0.03134813318446206 36
0.003840995969422778 41
0.00839126794569367 33
0.012037396094001451 40
0.025166233095781365 45
0.008004193693455619 38
0.049228184039076694 41
0.004691852255113815 35
0.003520050504160821 37
0.004989749844249047 41
0.0007898516896069907 45
0.010655432790002806 45
0.0019449213303524004 36
0.02111274602539126 43
0.01794738511875238 33
0.011336310398490923 41
0.03181361607923705 38
0.01429016032062691 45
0.025103406494441316 41
0.02594002938774409 38
0.006396650916165925 37
0.006778115033821308 41
0.010926205557606039 36
0.00106119079406497 33
0.005104504927366804 40
0.03357007048549576 45
0.019474368003326248 41
0.03796571879502508 43
0.004590106147990269 41
0.019044973272361432 45
0.0245317560498286 38
0.005189190831423218 37
0.001205256240538688 33
0.0028788042562126748 36
0.0007709198839869202 41
0.002897017840581384 38
0.03719097293864948 35
0.0018913721182549637 51
0.003695623613054977 45
0.010994180403827158 34
0.04332534920446918 41
0.014114737593882154 43
0.023470372616603896 41
0.0018283862392607375 45
0.00626888635756373 40
0.013336718038679862 33
0.000385871806066973 36
0.0020268380380805695 37
0.010123013702099115 41
0.03387852007188741 41
0.002055328370317966 38
0.021506238356145957 38
0.004190462451735044 41
0.00502703107801139 45
0.04822259326860845 49
0.009779264125249654 41
0.02546817983682459 33
0.00710319512314328 36
6.29955609525723e-05 45
0.015026452152181236 37
0.015547778208414798 41
0.03138593419151903 35
0.010506374398421059 34
0.009546033461433012 41
0.013524695458915659 38
0.008761277405891832 45
0.0032215209874415507 40
0.010377442521747327 47
0.0028016476286332193 33
0.009207469334292284 38
0.025590524672036707 41
0.013946509562128284 36
0.01790305256418634 37
0.003790818755479819 41
0.0070398372008995125 45
0.04660943084197555 43
0.02364258874725067 41
0.013196927228850797 33
0.005111479412860831 34
0.0007026382603676495 45
0.014786453149021384 38
0.015933605382006277 41
0.020726828440157163 36
0.020779652976191443 37
0.003091299687568494 41
0.019579785536524952 38
0.004756533468167845 45
0.010937635104351529 35
0.009510341212930484 40
0.009564491788808027 43
0.0018542076590790657 41
0.011708035057200306 33
0.04387784408207551 40
0.003391175059221041 41
0.0028855110327512534 45
0.012044460946903257 36
0.015462686371282786 38
0.023656253388196546 37
0.01829929399995578 41
0.019206619369295908 41
0.004045438323451833 33
0.01588873510564781 45
0.01539006870942572 41
0.02038598079721865 38
0.018283804093648826 43
0.0033802331980616884 36
0.022271441527834668 41
0.008635791470318566 45
0.013991268268831902 37
0.006530245959787351 40
0.006011339571578844 38
0.015717532281080082 41
0.023589926895027702 33
0.0181326276222471 35
0.002991531362965816 41
0.041411402947289844 45
0.013037152488099224 36
0.02723312555767521 41
0.0004557121736077363 34
0.000341794854865185 38
0.013121075410300165 37
0.010217529994804408 45
0.006070848807098628 33
0.02709626061631809 41
0.030343826182036793 38
0.021871797831579443 41
0.012874217188642234 45
0.01668573371713933 36
0.006008338060990326 40
0.02515403217414658 41
0.00442682472893452 37
0.027859229895273785 33
0.0025918876667105906 41
0.0006894685918403809 45
0.0367062504945892 43
0.011199692906810554 38
0.006252787138400606 35
0.0027637740058672478 41
0.022325321724324 38
0.015662968570005376 36
0.01668802249815826 45
0.007792475814905941 41
0.014484955947235534 33
0.03516265503621341 37
0.018836735217405476 41
0.0026354189179187415 43
0.025249447566686456 45
0.010718485096340657 41
0.0005249094093819906 41
0.0033749267487515056 40
0.011532340282023767 47
0.02043919775360692 36
0.007572807331317932 38
0.008842194249918833 33
0.0030963750075478913 38
0.002057336015806044 47
0.0021922439704553653 41
0.017208587379677454 45
0.03803925544821851 37
0.017626735139252503 41
0.019149941994374586 34
0.003575743470310755 34
0.01708766619441704 45
0.005627053345445887 41
0.00014820380467384098 35
0.01588054328678723 36
0.006570949371905499 33
0.029213336989538874 43
0.011538887583309787 41
0.004985343354821481 38
0.004548279500937724 37
0.03636757635928589 45
0.007058156879754307 41
8.690111874898321e-05 40
0.04641336665993734 38
0.003749081488642503 36
0.000132580651271752 33
0.0017926002741965874 41
0.05564748652415474 45
0.013647630526126164 41
0.026305146381556455 37
0.004693710863524103 45
0.012793599027148161 38
0.035519125058907974 41
0.008382380309498672 33
0.013538581429944685 36
0.01750689382929238 41
0.001936933191071688 35
0.0012290397224496985 38
0.03676722005554112 45
0.01077103011412106 41
0.0028203742360091155 37
0.039580739008943766 40
0.004267943439280941 43
0.0013929565779413622 41
0.012337787392787902 45
0.006583257190019509 33
0.01393058491762389 38
0.023195500719978668 36
0.008020344720826245 41
0.009683477884887992 34
0.001482420609313806 41
0.005993655945708554 45
0.014373234050690797 40
0.01788695358692749 45
0.007894429702115957 41
0.023848166340101784 37
0.01549536618140479 38
0.002144487457286459 43
0.00805763711744234 33
0.02027322304655854 41
0.004314443741783691 45
0.02883393456030703 36
0.004018485449705622 38
0.020124651820502493 41
0.009262082492632828 40
0.02805335248521601 35
0.0009933128816896897 41
0.0040245164084247165 45
0.022576239302619427 37
0.02984601820562105 33
0.014930747498304697 41
0.02422274201686747 36
0.004887875548902798 45
0.013398721734279917 38
0.020677450110984097 41
0.008411664627207216 43
0.028350972060160018 38
0.0021412288781093025 41
0.003664458626449374 37
0.014067891845741087 33
0.01375268524893869 45
0.0053902931600759985 51
0.01842352903904043 51
0.005273828208270714 41
0.021384071082604095 36
0.0035283325100579077 40
0.027253854997418614 47
0.0005936691854309117 41
0.0406729056115509 45
0.00019081841775303587 35
0.014396647886016467 33
0.00048609298518442756 34
0.0003645811785233377 38
0.0007353715338958011 37
0.00475662812774047 41
0.03399721769117292 38
0.014303149897678225 45
0.004383091081759716 36
0.057440086798354884 41
0.01947393565404454 41
0.00019507647251515436 45
0.02645711818121299 33
0.007701984544681295 41
0.0036119719459009048 37
0.03319114676125068 41
0.0046730815543867266 40
0.005535848110920227 38
0.00222276723468795 36
0.011817243137105748 43
0.00019402548917568652 41
0.0110047908202624 45
0.01542082555788582 38
0.028701075969415513 34
0.0021193689616154643 33
0.038354202122658165 41
0.01259731231779071 45
0.0021949008403794323 37
0.004293671517523023 35
0.018199102431488257 41
0.015544054705035393 43
0.023696929661831234 36
0.013531741705183009 41
0.005542550252606304 38
0.014458044790771396 45
0.023907750049794174 33
0.023497585331295312 41
0.016226808900327683 38
0.008350519796817224 40
0.009159554562831573 37
0.0002056182070795387 45
0.024086237846489666 41
0.022161412835835392 36
0.011192436116029825 34
0.011743955660385552 41
0.026210602766017388 33
0.008684783466677004 45
0.010800744905271387 38
0.013128150413155737 41
0.03207016320328293 43
0.012241773181916216 37
0.007586168966319917 41
0.006843149590135766 35
0.0042453297050784045 36
0.01712170609161845 45
0.011599307017409188 38
0.010044425427789605 33
0.04625764170200242 41
0.01057718319301415 40
0.0006052619033383166 45
0.02230685528262555 41
0.020014857921808016 38
0.01511837359392132 37
0.004772399266421701 41
0.012335951945050994 36
0.008498929070913874 41
0.011947634447757594 33
0.01988517206820717 45
0.048095123375013316 41
0.009344963423341568 38
0.01827500456527531 41
0.01852255103991851 45
0.0026475571872346393 40
0.013110453982310588 37
0.0028588886957834347 36
0.0020256313278288474 38
0.0038188991942114114 41
0.015647110255955 33
0.0039055438637198847 35
0.01470199064953448 33
0.014717345208953958 43
0.0036442920263866085 40
3.7446244977701326e-05 45
0.0009674593546158405 47
0.0366412602638988 41
0.02079882653445253 34
0.03656851238042691 41
0.00058675865346558 37
0.002315333870498648 45
0.0018934827585717073 33
0.0015345598217457734 49
0.0037016819529966938 36
0.010839757360649571 43
0.0029538055985156575 41
0.028128163261555983 38
0.026358117938283243 38
0.017875360869020085 41
0.039564725929331246 45
0.017682223816212428 41
0.015559504378462208 33
0.00045018377374717033 36
0.02234362553408431 37
0.001404549295848767 45
0.001884049844392166 41
0.029461800089617185 40
0.02609423686434198 35
0.006749482249617245 41
0.0040042602017535955 38
0.0044988321690055955 49
0.02150305271726083 38
0.01657830218875489 45
0.004106157271962729 33
0.005578850715327377 41
0.018005958189313276 43
0.0072305026517760496 36
0.02662477524193463 37
0.017475717172768412 41
0.02805494174076273 45
0.011909427884823742 41
0.016462606601020724 41
0.01508294183719272 34
0.008311533999300735 33
0.01577881136873671 38
0.0018041929921039923 45
0.004096302960032716 41
0.004320994354735319 47
0.005510592299838635 40
0.013106980230865872 36
0.0005164737967575661 34
0.0003873675021814904 38
0.029501375653939732 37
0.03635598364138204 41
0.006869706776477358 45
0.014214396380495486 35
0.009757167350038287 41
0.047682919448313044 33
0.004270970324572687 41
0.011253625502487097 36
0.0015514776494498506 38
0.007986037255900413 45
0.032377976065944836 37
0.030524244265588862 41
0.009325868398498471 43
0.00555876039613068 38
0.0098273770497741 33
0.0022038366883627702 45
0.014950544785140352 41
0.03710359304774968 40
0.005385948965461296 36
0.017561469645567485 41
0.00462404067483746 43
0.013770829624718317 37
0.012675856069833458 45
0.008807890783398165 38
0.023620491972039304 41
0.008972392924160744 33
0.02251264600550229 45
0.002334555896648993 35
0.01667642978025441 41
0.025720788762605196 45
0.009751663143088507 36
0.005291205112406772 38
0.019308909908396288 41
0.0355276965053406 37
0.0026034803846144428 45
0.0018321108838676992 41
0.01006820073667214 33
0.005528167806509998 34
0.004055312828469937 34
0.0028159171489825496 40
0.0010192268836881624 38
0.0321211505101644 47
0.016512879817234705 41
0.016227419435590917 41
0.002816396996042414 36
0.019912941566982312 45
0.0019704489825045357 43
0.016432309496391184 41
0.021051507097649136 37
0.01995627020431101 33
0.007007563909450454 41
0.00926922217454873 38
0.04113052350840363 45
3.277720595207256e-05 38
0.009545284587193947 41
0.013538095375594139 35
0.031353582754693576 36
0.003003124080869668 45
0.013555709084389633 41
0.0021397264214790823 37
0.012321604220023374 33
0.00915716512951903 40
0.01124100719424348 51
0.009024874748700284 40
0.03515705255261281 41
0.02228303424573852 45
0.013426460672757656 41
0.005879872258553576 36
0.013768490050637183 38
0.018272318234096474 38
0.006092945582309994 33
0.01067910867238453 41
0.005198033715359429 37
0.041562944410610925 45
0.022974944567760502 41
0.031062374453462382 43
0.003402767777128446 45
0.0037695413827236735 41
0.004052547625899905 36
0.013603036062420415 34
0.008133635056825739 35
0.004991527068394674 33
0.011412409455520134 40
0.011477390146570343 43
0.007802508260379426 41
0.0009398281111110407 37
0.022862765581674438 38
0.003152306903189128 38
0.022682677941997298 45
0.051552708891044574 41
0.005887377907310309 36
0.0063055713347139886 41
0.0014648077049770336 34
0.007707119651794159 33
0.029457688827804418 45
0.012504899279065285 41
0.004925907848374322 41
0.03692402871101308 37
0.011787738765580258 38
0.003802411473383671 45
0.041083534666640276 41
0.0008122549343667629 40
0.00152629514886371 36
0.0004817862251549343 33
0.0135362158233292 38
0.033304965554886934 41
0.0010527996052118738 35
0.01356257295792318 45
0.009519748680329343 43
0.0020493074363727715 41
0.05539077936198211 37
0.015077854995229956 41
0.0024395949537030504 45
0.004116253712759033 38
0.010605166649281017 33
0.025201216487378275 36
0.05323803162871599 41
0.0024177537598362164 45
0.0005468546083307047 34
0.0004101538258396431 38
0.0008272929756323322 37
0.04761678213701259 41
0.003988549793977114 40
0.005680077440882059 47
0.00015467742648311855 33
0.022581951020939073 41
0.01137617044290451 36
0.01666692867298636 45
0.00681503666152139 38
0.04518480603873343 41
0.00855138737198402 35
0.003703893387637436 37
0.01467821129897473 41
0.020818816984721877 45
0.021943058514654723 33
0.011061322220388803 41
0.0018637095105198398 38
0.0025006131390235 36
0.03741274306252862 43
0.004601698865894122 45
0.016923836859646713 41
0.009368726666732385 43
0.024567029472333246 38
0.0032904366086725645 37
0.0032900571909664222 40
0.01370864719552145 41
0.0022087612274717117 33
0.017641069344595195 41
0.023881609030766526 45
0.003268112440871107 41
0.054171974357483776 36
0.014278567602715952 41
0.009081523639526523 45
0.024622901344461212 38
0.0013773603189939365 37
0.0077042936168787435 33
0.0003754402757749631 35
0.0019600769159247022 41
0.04408931805420124 38
0.0050018849790660624 34
0.0013874642870099763 36
0.0050013425621528995 45
0.05744008679835133 41
0.003243190279409447 41
0.02432878153811302 40
0.005586862253810665 33
0.007212204348864049 45
0.004735353754504956 43
0.012333694623652747 37
0.03506767710382164 41
0.0005911831602780637 38
0.005735500395058324 38
0.016045726139193306 36
0.0025927816957604932 41
0.011286142210703787 40
0.043561162891890604 45
0.00578359072934731 41
0.03644620103334972 33
0.009809308777249726 37
0.005400986258408125 45
0.01150440020807153 41
0.020233041161052512 35
0.02570264542922729 36
0.009776437749781763 41
0.0009587527435854781 40
0.022023999881710665 38
0.008676106064445577 45
0.006522332846436996 33
0.005630993580801658 38
0.003851463931592747 34
0.03935319135069193 41
0.0180868954476594 37
0.013479280210209055 41
0.008601241868884557 45
0.022259194045954445 36
0.013100370673306827 41
0.007876345172103782 41
0.011770570179244544 43
0.01679608920035136 33
0.0073997861295644896 34
0.001482273184596039 38
0.006314392977831318 43
0.00580062995466335 45
0.010249941935871476 41
0.02622664900281535 47
0.020963495859664505 37
0.002816311509462821 41
0.009607291279593255 38
0.0038860824310980036 36
0.004141955555287069 40
0.0029325999164768746 47
0.008975305986904658 35
0.02293907438270182 45
0.0021414657368303835 33
0.05744008679835133 41
0.013079636513950277 41
0.006430667556859504 45
0.014089686455875494 38
0.01239953605069033 37
0.011440560220979279 45
0.0027666834990220934 41
0.03074355647432725 36
0.017729573174083413 33
0.006200273650918575 45
0.0151150805313236 41
0.042325006267031284 38
0.02284293269052995 41
0.007880457424150222 40
0.0012365128678837323 37
0.000861835739804917 45
0.01772811228497062 43
0.002068053251370827 36
0.004822182539641062 38
0.011721858885174186 41
0.023542222290593884 33
0.022176005622590367 35
0.012679992817695052 41
0.04476009398065628 45
0.02683661413327343 41
0.0005772354199038432 34
0.0004329401494942431 38
0.013046142014637496 37
0.006480632878044901 36
0.0034666048558236184 33
0.0065999173471738 45
0.028285417648255873 41
0.029154669150095458 38
0.01532193702875162 41
0.014054243132157751 41
0.0021840791253993075 40
0.025879827512049758 45
0.024970189290669964 41
0.000614994216505238 37
0.005650828920096274 33
0.004095839524232758 36
0.022108234846847097 51
0.012280349121439826 41
0.027432269453598224 45
0.00743130308457296 38
0.01029616513874032 35
0.00032704547427897523 41
0.003625885563522502 43
0.012333273035928016 38
0.03415432168119281 43
0.006999561043436131 45
0.003796802418996492 41
0.017782290718244553 33
0.0005144957414202622 36
0.03534649791969002 37
0.031160615590053453 41
0.004748812041221129 45
0.02153065916707675 40
0.012289991372995246 41
0.024770539852703166 49
0.0023879769034778064 38
0.01256287946772261 33
0.005428699201452503 38
0.011880705425184601 41
4.1468422026014196e-05 45
0.007294814619456247 36
0.038223098331691574 37
0.01723022371484717 41
0.03281065834381991 34
0.007399204739684251 45
0.0015836753451026198 41
0.012626762795115098 35
0.003449688900786896 40
0.02577146055945434 33
0.014008499197892377 34
0.0022652545571730798 41
0.0058548620429093035 36
0.004607928015161633 33
0.0036123434394141896 38
0.008932050969882255 37
0.005488532869257767 43
0.011681703207855776 45
0.004295361316593471 40
0.010702050380110961 47
0.006870069820394065 41
0.04644176293078317 38
0.004128254047174096 33
0.011481061728929376 41
0.032263183001873585 45
0.006304177334691019 41
0.00739166473285735 36
0.013463787642656655 41
0.032371857160484296 37
0.0038055935592709034 38
0.007798848435939476 45
0.03152345166300563 41
0.025916635135352806 33
0.01346351582894556 41
0.0057053230133092825 35
0.01119248935528816 38
0.010030174577913442 45
0.008584419796569875 36
0.00846416422632501 40
0.010587187230647999 41
0.04685289956770333 37
0.00973507057482692 41
0.00134634745784723 33
0.010421740160012405 45
0.02318427288725644 38
0.00553040149485895 43
0.00722225422355649 43
0.007623833296420912 41
0.023110750188997997 34
0.018507011180730615 36
0.008198492132201807 45
0.007710586818639342 41
0.02375702104547628 37
0.013919168420891026 38
0.012053310513344684 33
0.029961684501287777 41
0.024649073879295713 45
0.0008984116618151461 38
0.0019309167559597995 40
0.02107766419538848 41
0.004265692117400022 36
0.03209673048556283 35
0.004833986406637791 41
0.005847787929774029 37
0.012916620860416117 45
0.033841691601523394 33
0.043766376885969294 41
0.005075574083932111 38
0.008598135828449927 45
0.011420744905358049 41
0.018857526864771046 36
0.02716181502822934 38
0.0018100141086492272 41
0.0001473718859799078 33
0.012769079639880943 37
0.0029966736921949177 41
0.011838901478320452 43
0.027878045993325884 45
0.004602330714419622 41
0.05283775608393171 40
0.0017638256153276188 41
0.008518305024836081 36
0.026941066156474847 45
0.0002385230221975121 35
0.01799580985751703 33
0.0006076162314769817 34
0.0004557264731559485 38
0.0009192144173724159 37
0.005945785159674699 41
0.042496522113964375 38
0.008997779524712257 45
0.049546993123641414 41
0.007893093674709917 36
0.01567333873065735 41
0.013489058378119978 33
0.024481874860200037 45
0.003795814829373967 37
0.011135578184799044 41
0.004448767077896321 40
0.023469040084883375 47
0.018386701450779697 38
0.00988248694390137 41
0.001041341187431044 45
0.004724743156472755 38
0.02424150254579871 43
0.002778459043362602 36
0.00865651156386349 43
0.006115042357521361 33
0.03327455233415577 41
0.014768111243235182 34
0.001060373703097639 45
0.0016646342764872202 35
0.006672415241375518 37
0.057440086798358436 41
0.014720898737117238 41
0.014041854675397758 38
0.0007739099401362637 45
0.0006964911909221883 33
0.027206932254777882 36
0.017668825655164255 41
0.0055537714980289365 40
0.0026054974314817514 38
0.022062976560292213 40
0.009549015653384174 37
0.009482843247646144 41
0.03366593008892238 45
0.0027023659213583073 41
0.011588947540424499 34
0.007748282264486761 41
0.012827952989056257 33
0.02706678462759271 36
0.00018547904388555025 45
0.009611587873337157 38
0.0019660814601962784 41
0.014437499451510405 45
0.028610889821258922 47
0.012425616065385725 37
0.0035427909659802026 41
0.006631048662896433 35
0.018189270087383136 43
0.007158256458787093 45
0.007878621799612517 38
0.014040098823691949 33
0.010919315963512588 41
0.01328275716203109 36
0.03323801367281476 40
0.00908319955139092 41
0.014412812763168859 45
0.01864185800639717 38
0.015302216477394381 37
0.021611606886480672 41
0.025631769298392726 33
0.010196710613477933 45
0.0012623966734750525 41
0.04655773852343259 36
0.009619951601443688 38
0.02796346602001165 41
0.011297803888950853 45
0.017342342593501314 37
0.0006597000941965803 38
0.00017677420169803781 33
0.015422631449823143 41
0.01531268914609285 35
0.013314477698102678 40
0.004995765887770176 43
0.008394522616562483 36
0.008683555855135694 41
0.026435677324009532 45
0.0011255156603553473 43
0.021195337958850757 34
0.033489499047604454 41
0.00198543246088434 51
0.0009097379884650536 33
0.01045906299167143 37
0.010596354309733158 45
0.0026788174204099846 41
0.029592308471592332 38
0.007117518999756101 38
0.018051441906592913 36
0.014130994240268535 41
0.013432828083480786 41
0.02987626447460201 45
0.013686550420310084 41
0.019821518664635107 33
0.003760498981343119 37
0.0046021728392062755 40
0.015569345892856745 47
0.008283912158880469 41
0.01901855977479272 45
0.0024292536680547983 35
0.02770836119663045 36
0.007938639281547921 41
0.0070389471607228415 38
0.031466502350092185 38
0.0028941673381197575 45
0.008101830667868626 33
0.03063146867294364 41
0.02680861812540769 37
0.0026245399310553807 41
0.01745026638063507 43
0.007089372315803644 36
0.03027590817086434 45
0.0275498750423111 41
0.013496364427133756 33
0.0027555760672157703 38
0.013638271261690704 40
0.007884268462625244 41
0.015233248605227345 45
0.0035208413532217264 34
0.0006379970430501203 34
0.0004785127968105485 38
0.029685218537416347 37
0.010417887021660022 41
0.028764425395856108 36
0.006862132678591593 35
0.011395641702250714 45
0.005761493954132391 41
0.05167859284421894 33
0.01671375285899046 41
0.008164514989942973 38
0.0018862670823054373 37
0.03067555186711246 45
0.0007609677316224861 41
0.014249970770258358 36
0.02456418598410437 43
0.0018380751783269034 38
0.008921863342727931 33
0.007105023791311282 40
0.007484624766370018 41
0.020085308714946848 45
0.014983368461010116 43
0.014886784856031454 41
0.022001667436924777 41
0.015444083592207392 37
0.008199050370720329 40
0.0028993338400908897 45
0.0012772178069440088 36
0.007618733751463935 38
0.006541628266745647 41
0.01308319030938776 51
0.03143733432522566 33
0.0063779338969922605 35
0.026364891234983645 41
0.025509002272862347 45
0.0055661932905124445 38
0.019125067024923226 41
0.019762148924982625 37
0.016389308336407282 36
0.0015917861910992315 33
0.0005717763209389659 40
0.007084981070114793 41
0.009946986932533264 45
0.008456898433784943 34
0.03195122036191833 38
0.04524515770359727 41
0.012194929094754059 45
0.016248466612921675 41
0.012981830046953746 37
0.004257846538266108 36
0.019027183833436823 33
0.004924759766780085 43
0.006732575731341228 41
0.019232671807380086 38
0.031474839259630016 45
0.0011563798259857094 41
0.004345526760864971 38
0.05193818021150065 35
0.0059614711494333505 41
0.0007238662244262173 40
0.004031712376090013 45
0.0009827123600132381 47
0.0016721040909573048 33
0.006201511168924867 37
0.037866709428513445 36
0.04484551400733494 41
0.01259457279101639 45
0.019031344753202006 41
0.015232635260680638 38
0.013087487806252796 38
0.01008861897821589 33
0.009916458079807455 41
0.0005788077091040122 36
0.003040257057115525 37
0.012030080996446202 41
0.017846561665628258 45
0.014027921290249878 43
0.057440086798358436 41
0.006285693677597237 41
0.0011398839066245614 45
0.005069141035583868 34
0.0013315216748068792 40
0.0035555067760810743 49
0.00263888671278778 35
0.005542452948482435 43
0.031877000066387495 33
0.00025953878977702516 41
0.007359126587125786 36
0.0023128280265254375 37
0.021398620371634536 38
0.013115756536024037 38
0.01299421648726451 45
0.057440086798358436 41
0.0037747056437851256 41
0.02139125450242574 33
0.022876746151879956 45
0.00939738050026051 36
0.00474206496490126 41
0.00821841683664104 37
0.030078611789782883 34
0.014400993207026147 38
0.005886049981349117 41
0.013141916108835971 45
0.020398445263779763 40
0.004202471442958711 33
0.013811204001427768 38
0.029261587554550772 41
0.009124199453509618 35
0.005660439606771206 36
0.01339386018352684 45
0.001865464552892604 41
0.04310056278085028 37
0.012474059464608445 43
0.015372723141368283 41
0.0022653071244249645 45
0.0010685767150775405 33
0.006059709469091956 38
0.03267377034838859 45
0.02872886771802996 41
0.026530406246124016 36
0.0006683778546232588 34
0.0005012991204722539 38
0.001011135859108947 37
0.005486406285086787 41
0.020074807275463513 45
0.016396616987528034 40
0.011331905427887534 41
0.004150350822385462 33
0.043646582918569266 41
0.008167624250198458 45
0.005625879629583608 38
0.019071948427992425 41
0.003485271459560124 36
0.018584208150841164 47
0.01241092248884712 35
0.003887736271110498 37
0.014373305715963625 41
0.009993367037743894 43
0.007134682134086745 45
0.017562052585802235 33
0.008376679324761938 40
0.010786334042279577 41
0.039522432642350225 38
0.007131320113721529 33
0.0050867625888315615 41
0.004328266549123327 45
0.003056304947698152 36
0.015010386472660286 43
0.0046127404726163945 38
0.00490898436181908 40
0.01367230472249048 47
0.006764336683112049 37
0.009712973799615554 41
0.03353396542270559 33
0.01419314757603729 45
0.05515211688394572 41
0.0020460797623300664 49
0.0002418901520755412 36
0.023085103064140355 41
0.0008819259933048329 38
0.00768011708625238 45
0.013717533366097712 51
0.002434470193435345 33
0.0052221188190060275 37
0.004418818276114678 35
0.0031492339478589315 41
0.04250364959786879 38
0.011787203252623613 34
0.004687118892583442 41
0.0339405896087257 45
0.008913568854936216 40
0.009898809442113077 36
0.02357629842161657 41
0.019270997104442245 33
0.0020752537651702596 45
0.012517537507122256 37
0.03538387208599403 41
0.0008729620497618384 38
0.001159893500165765 38
0.0200233591624297 43
0.01294005145178545 41
0.010627333909411618 41
0.01431697270501786 45
0.019555728732143507 36
0.0017879173334378606 41
0.04025803154578256 33
0.015394137919130912 37
0.004287475196321111 41
0.003173547011407152 45
0.03769993376394609 35
0.012279130826676976 40
0.01192434752530147 41
0.016303091250875923 38
0.009212184267440193 36
0.005008028786186003 33
0.005234989278051216 45
0.00975744569050363 38
0.03916934846721887 41
0.0036051842549582602 37
0.014665554076174203 43
0.002803446535239118 41
0.02036429512969562 34
0.03427234513341659 45
0.015651241955445983 41
0.0029192775306938756 33
0.017475973641161602 36
0.008985454585896946 34
0.012408139085152925 38
0.003887831500065886 41
0.0010342028877659004 45
0.03137071366738553 43
0.01540145538683646 37
0.00574588335630466 40
0.002541323331357148 41
0.016799539360214055 38
0.02270714544197716 35
0.009254939532070239 45
0.006137139132732727 33
0.008913600196109428 41
0.0485264866022419 36
0.02069946110274401 41
0.0020686368659355026 38
0.010648049674529148 45
0.024023939155149776 37
0.029514566577439894 41
0.02718220112698333 33
0.0007433190939281076 36
0.0034881878038106606 41
0.011351904549407266 45
0.02652226680062597 38
0.016077727644507434 41
0.0007873641140747623 41
0.005062390123121929 40
0.024689792994010418 47
0.01110881720608603 37
0.012158696853354911 45
0.0036330255077032803 38
0.0077261854892753945 41
0.022141242448817877 33
0.0013532752373279777 43
0.015819145238971544 35
0.010400238383965643 36
0.022368454272424287 41
0.03507163252592704 45
0.0264401027088752 41
0.0006987586661963974 34
0.0005240854441268539 38
0.015714944380249563 37
0.014062195598903315 33
0.0030885441075554354 41
0.02638603057263822 45
0.007908354444168708 38
0.020057157673996073 36
0.0032409771196952875 41
0.004079634464744686 40
0.03392810915659794 40
0.016191366057313417 45
0.0137356729300393 41
0.007853837181230006 43
0.0031968362959275964 33
0.03265374039115443 37
0.021968810576169062 41
0.005757199258155765 45
0.01171162056260755 36
0.003662913262331813 38
0.01433954313908714 35
0.005142088069739259 41
0.0496707334186155 38
0.0024283943330942748 43
0.00019887097690940436 33
0.0026889004112931048 41
0.01922084558389514 45
0.035530340803163085 37
0.013853859054819395 41
0.004215231489475002 40
0.022779986500488292 36
0.016591009753568642 45
0.03545283473327743 41
0.0027968535243587667 33
0.013486711161156961 38
0.005703687379565281 38
0.012344580057543908 41
0.006688565525642787 41
0.002536021296720037 37
0.0358709199184446 45
0.008412171254256862 41
0.008421541036192082 36
0.03814667185266529 34
0.002459702655237095 35
0.002289256715044985 41
0.011375196930053733 45
0.04377563315325261 33
0.013917201647181798 41
0.0022393435240033455 38
0.004230561354013673 37
0.020062326823328647 40
0.009637064718766908 45
0.006108840695283391 34
0.001244748035780674 36
0.006595081642295497 41
0.01572304659796231 38
0.026998031115013532 43
0.008123927443079992 33
0.021169523183658612 41
0.03627056361469272 45
0.013279944759183593 41
0.015499420063356695 37
0.017759054650007045 45
0.0004863823625314012 36
0.010415284963279703 38
0.0018896130187826543 41
0.025638165248309974 45
0.029912308531258702 33
0.009420137828605846 41
0.009473712835543324 35
0.008026503331421964 38
0.005215795884431884 40
0.007913639772269221 47
0.00208711028398767 45
0.015303186862091422 43
0.010403344347174937 41
0.02647815583533486 37
0.020558586615841534 36
0.0057393971789281295 41
0.015030482308475257 33
0.001922435737220951 45
0.0347477715737341 38
0.007227321872022685 41
0.04003619991849661 34
0.010176565007832039 43
0.001489969322527429 41
0.006036774612638851 45
0.019697836957313086 37
0.003968038793530582 36
0.009574268073592407 38
0.0006242151294983955 41
0.01604898390925058 33
0.03345360146594345 41
0.006196544490073563 40
0.01614976945650426 45
0.0016401713858371636 38
0.021299978312448786 41
0.007410880550935417 35
0.028729227934967128 47
0.004650143523164729 41
0.012917518079277102 37
0.0020350601984802097 36
0.0007675139902190153 33
0.037069851007210275 45
0.043491388707870726 41
0.01394869809048771 38
0.0010903256262722039 41
0.02871446761351848 45
0.001662635562269088 51
0.023786998709041995 38
0.002185659287249564 33
0.0017735431111560729 41
0.006137199201248222 37
0.03133975994735039 36
0.0007363466765610838 45
0.017453237862035564 40
0.014768828542429446 41
0.042671258255921884 43
0.014858633564159618 41
0.005111958530733318 40
0.013209226701405896 45
0.00028622762663133017 35
0.0215949718290247 33
0.0006328915687774384 34
9.624790899209756e-05 36
0.0005468717677885593 38
0.001103057300845478 37
0.007134942191605376 41
0.050305144606745955 38
0.0006906819300169786 41
0.05674940486833435 45
0.011677665334751453 41
0.001420374809370628 33
0.0022644490721219768 43
0.023488369347262505 49
0.007186131967188203 45
0.00048310587600042254 36
0.0069403326788091135 40
0.003979657712854134 37
0.04024254237950231 41
0.01719754441884902 38
0.01064883995322674 41
0.0011002687100756248 38
0.00782183973532824 41
0.027758422646293468 45
0.010110715753427257 33
0.03638007124065723 41
0.003334150852040807 36
0.005345437187443736 43
0.005524169393360978 35
0.00685625812484858 37
0.00029103823376885884 41
0.039638424567215225 45
0.017510623997374353 34
0.015910055769047915 41
0.009630934187704554 38
0.012910224910491763 33
0.014602129009816167 45
0.0043867429212909315 40
0.0009824587244509075 41
0.02196515025063661 47
0.003775542975539281 38
0.020984076310867295 36
0.009732858536857236 37
0.01917130470237538 41
0.026283323131153224 45
0.011985458964829832 34
0.003752608868573759 41
0.04526504708837109 33
0.008313825378913009 38
0.0001086054624934718 45
0.017066232660589264 41
0.02776439518890328 36
0.01210887191449217 37
0.0005005870343666174 35
0.0352463779969483 41
0.00280519317404071 38
0.0013527434077644784 45
0.018035772219597845 33
0.0021465045490884904 41
0.005073024295519701 40
0.050220557953750244 43
0.007409313370558834 41
0.01136234763556132 36
0.005913508340377405 45
0.017268858090986328 38
0.015486059360867444 37
0.017615933490574776 41
0.03931590414902786 33
0.000508249158748697 45
0.04017141636536081 41
0.0013278507849818766 41
0.006045879868459281 43
0.007647333860077765 38
0.0022476059194787013 36
0.03765192747473378 41
0.0014254995507485546 45
0.014190212175272165 37
0.004172447597596829 33
0.0003526827360431639 41
0.008327069283417643 38
0.0026995014300155162 40
0.04606083334887501 35
0.01837201730986493 41
0.017476220105237417 45
0.009687324173739853 34
0.011904525209509131 36
0.0314792581125829 41
0.0006856642822867798 33
0.004035904218611108 43
0.02033136732987373 37
0.0009078928550039223 45
0.0024038292423043117 41
0.031056453681635787 38
0.023979803874411232 38
0.03587864229881177 41
0.0013736414796667873 36
0.020187803019872774 45
0.009690877024404188 41
0.005522122465428936 33
0.018111226711639006 40
0.024115860596886307 37
0.017972373613609705 41
0.0052867203197166646 45
0.03418099286502496 35
0.009127796313485703 41
0.005574801950679387 38
0.011519124744609144 38
0.01912085972580968 36
0.01078996751250827 33
0.0013075365512591475 45
0.026476290008616843 41
0.003971335780853735 40
0.026992461008880753 37
0.035057329970832996 41
0.0017953101113903358 33
0.02025767586290783 45
0.0003297708532272736 43
0.016564803718743804 41
0.005181443241461636 36
0.0018079546861997642 40
0.0037146527208449243 33
0.01496654213413251 47
0.015204690296968693 38
0.011153637269060823 41
0.006419092648293656 41
0.008669117079321609 45
0.0007595202893426745 34
0.0005696580914431593 38
0.02986906142088941 37
0.0297724275346809 41
0.005366506882495514 34
0.020593972133660543 35
0.0017071802475214781 45
0.001765820558226494 41
0.005142063870479774 33
0.005552522929491488 36
0.029725599145514536 43
0.015254080294639039 45
0.017902909890928242 41
0.0067915150745321284 38
0.011758571420507735 37
0.020987090412383225 45
0.02827949443058486 41
0.009138031837821359 40
0.0018826100394733203 33
0.015390915629147628 38
0.002749034861324162 36
0.017173086221099254 41
0.04026700057725918 45
0.021817824553451715 41
0.0027977981435824972 37
0.026394887381790966 43
0.004322752775756555 38
0.002106823943769598 45
0.015629145180234616 41
0.029404987466762122 33
0.001984642254022617 36
0.010421311897331975 35
0.03605335268971288 41
0.015545552640027438 45
0.005841181468618117 38
0.018941224141450164 41
0.01587151775949991 37
0.016468108989457164 40
0.006159235907944094 33
0.01663545657824983 41
0.00013798594659419905 34
0.009904580943526753 45
0.008699189888588421 38
0.022062873441392128 36
0.05493361915832651 41
0.0025064676400319286 45
0.016064623729441507 41
0.01342784607278702 37
0.010083475168883638 33
0.017864141827239166 41
0.006457587553242661 41
0.019262706513679007 38
0.009933414926528883 36
0.013907307253845147 45
0.007879070551055634 43
0.0014585285865109654 41
0.0008870082714054206 35
0.025616903477974518 38
0.006902057503339165 51
0.006481491532099426 47
0.016094097427021836 40
0.0077040887140569225 41
0.005483934603390139 33
0.003185775511141742 37
0.04106628796976963 45
0.016063374776891237 41
0.024798259587527127 36
0.013672341097645813 43
0.002906111336287154 45
0.018756356575096333 41
0.016696780470716988 38
0.007902657378423328 38
0.014084292374114682 33
0.010311422905438405 41
0.024942642391764025 37
0.022186021501156006 45
0.006406455486853702 41
0.04147278135484811 36
0.005676013168354643 40
0.0038848367882948764 47
0.0070290661598235715 41
0.006309302910530334 34
0.002635786061972567 35
0.005593258203731466 45
0.03587267346229339 33
0.007434822493429749 41
0.003685827941929176 37
0.0059456725638469266 38
0.01398880259775126 43
0.023079206168858946 38
5.529122936565045e-05 45
0.003250463803169623 36
0.057219119046237665 41
0.0002209677521207709 33
0.0348544216009401 41
0.02258566519741123 45
0.004558222081428198 41
0.03353572437164587 37
0.006134304170181792 40
0.00030445308188831177 38
0.009879780606929955 36
0.0030276024862772033 40
0.010558165874826386 41
0.005016345561251967 41
0.004040880832299365 45
0.015815345689688343 34
0.007923156660751829 33
0.014086192179540546 38
0.025218209554196847 41
0.02851647851535688 35
0.0037053987287976042 45
0.0016816216694195418 41
0.033194162745687095 37
0.022564302383244694 36
0.013642356869887351 41
0.006253407142921219 33
0.01455901389188341 38
0.007556938644775357 45
0.015428370248883994 43
0.0465705108299872 41
0.00829225170976855 34
0.0007899011009229184 34
0.0005924444150977592 38
0.001194978742582009 37
0.003505644984095113 41
0.01166922275572091 40
0.010043997385260184 45
0.024075197454983766 36
0.008146024218291359 33
0.011822774572280537 41
0.04118058962842497 43
0.0003316801725929963 38
0.0041050424250528295 45
0.03709805003804689 41
0.01627045760572088 35
0.0040715791545906654 37
0.01556194583503867 41
0.011943735656842591 36
0.006549452716548387 33
0.02338495258992168 45
0.010511345864173904 41
0.046928740934177426 38
0.010038892454474535 41
0.004736331589086262 40
0.013895653546690312 45
0.02182102964151511 38
0.006948179566585111 37
0.005717300403716763 41
0.00018772614129858312 33
0.003611996756369251 36
0.043418377375665784 43
0.004504686121308055 45
0.03898047357687773 41
0.018459613221473603 41
0.022810114886034683 41
0.010845375626139742 38
0.00771351560171496 45
0.00624630070586818 33
0.001362583702139375 37
0.004710303531432203 35
0.0037518927450221895 36
0.0043383909797967135 41
0.04091798114153278 38
0.012183714677028945 34
0.014375580347305572 41
0.002196559577534174 45
0.005829418929664598 40
0.03503852794384699 47
0.019580625025710674 41
0.024450649737580932 33
0.0007074316444644069 36
0.007797050573032038 37
0.00490432981756328 45
0.03510888390789546 41
0.002337107259798188 38
0.019994095630657682 38
0.033255846815926304 41
0.0012065700357197784 45
0.020769913884244318 43
0.002207756062468036 33
0.016898738137868463 41
0.017475617335392712 49
0.007487750522486181 36
0.015577980802603975 37
0.0034176442073885482 41
0.010558292443661799 35
0.009129450744168821 45
0.013791691337388556 40
0.0033269228458863154 51
0.01721608521985729 43
0.013113504557239253 41
0.020330445090479543 38
0.013963703282030338 33
0.004728460354790798 38
0.005303973513818505 45
0.02471743618322364 41
0.01426806940051506 36
0.01845458121461263 37
0.032856203119663974 41
0.02273644506522743 45
0.0018474386134599285 45
0.009458357002074536 41
0.0021972115574655504 34
0.023994413143363147 33
0.010571123042232955 34
0.011218982053215143 38
0.009962694480584844 41
0.003613598474210278 41
0.0014842239383980882 45
0.01457811797240538 36
0.0064702703061456646 40
0.021331181626614182 37
0.001967723603549132 41
0.0002986115497023434 43
0.013031149537980014 38
0.03200978957848122 35
0.002404328627818586 33
0.0020248666907463075 40
0.00570361721007373 45
0.05744008679835133 41
0.00540359760316278 41
0.016485020531519012 36
0.010567941288726956 38
0.0007757453363268496 45
0.024207782038622838 37
0.025518893181541102 41
0.03192119361681023 33
0.013176649258539896 41
0.001388454916572357 45
0.021606778160858653 38
0.01701488277550567 40
0.004253321686874756 36
0.030355704347734047 41
0.020981121544288328 37
0.003659392430556352 45
0.002443868475779709 38
0.0037305120933623925 41
0.023446813081712037 33
0.0302627616232769 35
0.026913117153810617 41
0.005143798573342906 43
0.011472930094292622 45
0.013910240976905186 36
0.026043591284476975 41
0.000820281912496057 34
0.0006152307387523592 38
0.011903113867816728 37
0.018057868994809212 33
0.011185141786363317 41
0.0015918637759213539 43
0.01788672614983966 45
0.012041398094218891 38
0.005982824690967448 40
0.008752132301047766 47
0.026120087431984018 41
0.007752839099424591 51
0.01706425566435854 36
0.006502904602584181 45
0.01759383671536341 41
0.007008666808360431 33
0.013782498658912345 37
0.019055084615715145 41
0.0316572720308983 41
0.007399893628026177 45
0.00010547655990222893 35
0.018277444579531732 38
0.00633124510166283 41
0.017884762139708243 38
0.01680212957369065 36
0.012227405610481412 47
0.0041945443728081955 33
0.01237736186602234 41
0.009348541245692843 45
0.027512474165000356 37
0.0026201334273565635 40
0.005581576094279228 43
0.050537538499511925 41
0.006902548298839406 45
0.014559087951347749 41
0.016898073386023782 36
0.00798168395219534 33
0.012022565951120612 38
0.005978675557670954 38
0.018849302699713633 41
0.012408325634922335 37
0.026182458463715363 45
0.016437200866050716 41
0.0344998052767167 34
0.006503080655583915 35
0.004902168661310213 41
0.004766611587882608 36
0.0023089379205814 33
0.04379390657732074 45
0.0016684620512634751 40
0.015106358679112475 41
0.0008663436085925014 38
0.03416519251554462 37
0.007302191995101737 45
0.006320093464189824 41
0.03900039249517562 38
0.007364850210258567 33
0.004056072364498675 36
0.0006986782642286471 34
0.019363817455982257 41
0.01149416718240559 43
0.026582102159963483 45
0.01309610187571053 41
0.02649026691686629 37
0.008627590074439695 43
0.009226127931341921 38
0.009367223086336196 41
0.002210851387175694 41
0.011954030397681947 45
0.01949631200839974 33
0.014411669918757752 36
0.004864785419108841 41
0.0005119744091501843 40
0.013242102657784471 35
0.031119388620957977 38
0.0077018356913498565 45
0.010219501463701874 41
0.04722058533465656 37
0.0017437237830151275 41
0.022137748473539887 33
0.006576868685570503 38
0.002913156647430526 45
0.024068589208795288 36
0.003889172543637187 41
0.002941637903987271 40
0.05060927635072687 34
0.007342901051693218 41
0.0038355297255705523 37
0.008627462479765313 45
0.011111738250875192 33
0.006477797985290579 38
0.006913781513048889 33
0.013130875792107588 43
0.011398032889488263 41
0.006136230452270297 40
0.006180314957774158 47
0.02562402911121353 36
0.0076504650337128055 45
0.0004510143538993816 38
0.01725660031210907 41
0.04018348648624226 35
0.004466300639691667 41
0.011140747765331582 37
0.014451648840847042 33
0.02738138955248104 45
0.011500059306584376 41
0.0025575997029108066 49
0.02915874152026987 36
0.014223686268593383 38
0.01077878708100144 41
0.021877798752996114 45
0.018602168281198317 38
0.0061813326831554605 33
0.0015897002276830108 41
0.01634158013217757 37
0.03100768335462334 40
0.008501123083867412 45
0.004400739719457647 41
0.033388791068936996 36
0.019650556009956688 41
0.011814517758161003 41
0.017321923037798115 43
0.00033393223106514824 35
0.00018868052259790602 33
0.025005453277934464 45
0.0008506627240691955 34
0.0006380170624140646 38
0.0012869001843185401 37
0.008324099223543158 41
0.002223409776895835 38
0.041636398227339555 43
0.005256179570572783 36
0.010379143384746214 41
0.047060943413605116 45
0.007681991938845556 41
0.01678253589138734 33
0.024074792188002903 40
0.004737266183795441 45
0.0041635005963271965 37
0.04143169941144009 41
0.0010952885263009193 38
0.014913098860610319 36
0.010373851775121068 41
0.018885558078238773 38
0.014074287795665441 45
0.014106389149326048 33
0.04101628127980206 41
0.00938370451022763 35
0.007040101008321642 37
0.009979499688498095 41
0.0015797033792139814 45
0.02131086558000561 45
0.003889842660704801 36
0.020680175489935948 43
0.017099212800985697 41
0.0044461037598608755 38
0.00945245873975864 33
0.015586597967207183 40
0.0015553030541610724 34
0.009300410476377863 45
0.022672620796981846 41
0.024850764581039186 38
0.009916701420330298 37
0.023213149357680152 41
0.005646616799424464 36
0.01619835025202576 45
0.012138905861895921 34
0.00024306452733213746 33
0.05020681298888263 41
0.007233273809468699 38
0.008771751692094654 41
0.0008081043001411103 41
0.03506692897378372 45
0.008249336797625517 37
0.004543965034706332 35
0.013556230067642616 41
0.021415159751200008 36
0.0004372513640120701 38
0.00212238158812994 33
0.006289636213580252 40
0.003919373641153356 47
0.009700054172640193 45
0.05744008679835133 41
0.004265218060325537 41
0.0216091083181027 43
0.0025857960824211546 38
0.010488613545803105 45
0.0028214485473583295 43
0.015669902244340506 37
0.003899310777612186 41
0.009720949317063798 36
0.043819826703675346 33
0.009180212295980539 41
0.038089946544722864 45
0.010169927957655034 38
0.015506828988094412 41
0.023386755153907757 40
0.005170686099347677 37
0.003276118688113172 40
0.0019315768753855878 45
0.002410512481077376 33
0.0057576085124253495 36
0.0015418397679738405 41
0.005794035681162768 38
0.05010421134921472 35
0.024277734528084238 41
0.0037827442365099273 51
0.007391247226109954 45
0.021988360807654317 34
0.027483584716669895 41
0.008533399013330722 33
0.006008575265887828 37
0.015414527802462885 36
0.002128841064198639 41
0.006651727535526675 38
0.02043004301086171 45
0.005438828345283753 43
0.022790646842480555 38
0.04694074523320779 41
0.003656772478521475 45
0.006842569086622063 40
0.005695203628505396 41
0.026673436077359725 33
0.000771743612133946 36
0.004053676076161139 37
0.02024602740419823 41
0.01921571593297955 41
0.008445119135359391 35
0.02977925173001239 45
0.010316953345423485 41
0.004110656740635932 38
0.0269192992526186 38
0.005824866452222466 33
0.010268311007450848 47
0.008380924903470088 41
0.01005406215602278 45
0.0042767333563347165 49
0.007552062490169931 36
0.02717630389236092 37
0.04654110153694546 41
0.010589663645156122 45
0.00030932161624974697 40
0.019558528250499307 41
0.023866025282821113 33
0.010731451627528088 38
0.0032840816375028226 43
0.009909876214521773 41
0.003144924911275382 43
0.012790534446480706 36
0.0008810435356423341 34
0.00053481226416352 38
0.0001259911219051446 45
0.03005290430436247 37
0.031095556416829595 41
0.02411467754384944 35
0.0022298528376794025 33
0.007981281207207758 41
0.028446056794301455 45
0.021012748796842118 34
0.0033978818357596197 41
0.015694185087106405 36
0.005418515159121284 38
0.021630875758710033 37
0.011298628957653989 45
0.006223925854129675 41
0.006443041974883101 40
0.020754885043494653 47
0.0056032952572664385 33
0.01841493866858457 38
0.026861547675821384 41
0.02431950166825203 45
0.006259037454277916 36
0.021633981669978652 41
0.030565685440784307 37
0.005240419687588371 38
0.007581637510959638 41
0.0005946427869005788 45
0.0034571914864685027 41
0.010027840128429943 33
0.021314084987920978 43
0.01446468989767169 35
0.04152413005405009 41
0.0042176840903920265 36
0.005582103007192529 45
0.00611616964672379 38
0.012757173324494886 41
0.006000207933482216 40
0.02852779623652424 37
0.01015490930384999 33
0.016238945153851603 41
0.010222958825721662 34
0.001405276520735299 45
0.029572906298042767 38
0.031867210764012555 41
0.02557287603434588 36
0.007181993814697307 41
0.008698787031271138 45
0.00961601556036129 37
0.031943290392021595 33
0.006182599375136988 41
0.039159571073049904 38
0.00951306693633569 45
0.0025848494138287492 35
0.003534693889854168 41
0.01575572690502014 38
0.0029198706791078166 40
0.016100811746753152 36
0.008295602242284872 43
0.010833381335331183 43
0.0037084153181581314 41
0.009295765115815868 33
0.01305807984934404 37
0.001062225149240703 45
0.030315601365799694 40
0.05744008679835133 41
0.006782350118442082 41
0.005771022065502507 45
0.005927996213053177 36
0.018160925680753337 38
0.0027178269505796493 38
0.01807996577002058 33
0.010127580021965343 41
0.03481494672996632 37
0.01249756004642677 45
0.025823668265246624 41
0.010774919734664934 40
0.020841498798439773 41
0.0028964528939070533 41
0.003736101841518291 36
0.002662436334588847 34
0.008276748870137851 35
0.008090876646903666 33
0.03177747021129562 45
0.007250979609956687 41
0.00505882785734002 37
0.01847032995155473 38
0.026659949379506998 38
0.006382706422186857 41
0.007729305792743446 45
0.03656760818729765 43
0.002543825248103815 36
0.004216641148019562 33
0.024965844748876975 41
0.01957703830679236 45
0.012897203742681995 45
0.004374379197955136 41
0.027982536537663805 37
0.006596447736193056 40
0.006464044183381645 47
0.012022679143157688 38
0.02526297289080759 41
0.006172091671352575 45
0.00958763655003736 33
0.002056205328514693 36
0.01436118035764622 38
0.021174831553857132 41
0.005095471181348898 35
0.0311697840631453 34
0.0014977787859464797 41
0.004485283939985152 37
0.0514570240724197 45
0.009646683473981454 41
0.011438237570757792 33
0.010280860777420742 38
0.012777457537261228 36
0.01329684743893722 45
0.009272243428597449 41
0.02961791977739381 43
0.0001672425592005311 40
0.015408845350158629 43
0.0009114243472154726 34
0.00068358970973037 38
0.0013788216260550712 37
0.02486332919454526 41
0.020435059989608817 45
0.012141697614197255 33
0.021708862532129558 41
0.032483658700506624 36
0.003247565565715149 38
0.005583419029676406 41
0.001997389873942268 45
0.025473863134088504 41
0.02012999272258753 35
0.0042554220380637275 37
0.02351000809598247 41
0.020233587567176414 33
0.013696491135192446 45
0.010236357686068231 41
0.001815585556023791 38
0.03337146743427866 36
0.012016676121980652 40
0.024463685498290033 41
0.005396349123891753 45
0.020448029726111372 38
0.0071320224500652785 37
0.001721627007803761 41
0.05571845979054757 33
0.0023950239520615924 41
0.0027887513813595888 36
0.0013789371836807618 45
0.01587266910707541 43
0.03500470517417398 51
0.02253512670792901 41
0.014838206010054478 38
0.005970619248920173 33
0.0015905605546464585 45
0.002496951414734383 35
0.01000862286206683 37
0.0055275480117344955 41
0.03933231268519677 38
0.005318330763451229 34
0.0017784666863605025 36
0.005483428651615441 40
0.024064041802034808 41
0.03337604499631652 45
0.015584951629811883 41
0.028969911894471068 33
0.01288522327406838 37
0.004784131637165956 41
0.030049764092623832 45
0.0038012524698416428 38
0.00010699367738453702 38
0.0017791302933289899 40
0.01691881462801348 36
0.03767347043481095 41
0.005270837835837483 43
0.008292349069336069 45
0.006203429458366827 33
0.004554456543218066 41
0.026953649524145362 33
0.0044950105383065875 43
0.005675146506604278 41
0.015136089893118765 37
0.0006257337929582718 35
0.0010498188187639812 41
0.006749853497503011 40
0.01586472578951259 47
0.007199954774534945 45
0.026575733918036804 36
0.014302661589177035 41
0.015145614662635865 38
0.017684388499837667 33
0.006192750015095783 38
0.004114672031612088 47
0.004384487940910731 41
0.03441717475935491 45
0.018638424098085693 37
0.02120743359027699 41
0.021337230984116218 36
0.014895422223958121 45
0.007659895163634189 41
0.027593575114870816 33
0.012156791498568964 34
0.010029825021284466 38
0.007583066289136298 41
0.008530201179759445 40
0.00715148694062151 34
0.012660307878746835 45
0.021515024510087244 37
0.0019913469751458024 41
0.009262759715745972 38
0.00029640760934768196 35
0.03176108657357446 36
0.013141898743810998 33
0.000986587180726417 43
0.0039848442446555055 41
0.053455242553695825 45
0.023077775166619574 41
0.009970686709642962 38
0.009096559001875448 37
0.015295065920220452 45
0.001893595010209026 41
0.01962962477542618 36
0.035916867012716125 33
0.014116313759508614 41
0.00017380223749796642 40
0.008574994716262552 38
0.0345749760850822 45
0.030171861464260985 41
0.01950490105426894 37
0.0065086128359865825 36
0.0009895501412984231 38
0.000265161302543504 33
0.003585200548393175 41
0.0034001369609768517 45
0.016148609665364688 41
0.034306139623616616 35
0.00863461064268023 41
0.03311076653920253 43
0.015694709616468572 45
0.02395880636953507 41
0.0016882734905436791 43
0.0009418051587886112 34
0.00070637603338497 38
0.008091283355383894 37
0.004633298820863274 33
0.017420243569851834 36
0.020649561229888036 41
0.001815905787125871 40
0.009387421727048206 45
0.025587198054296323 38
0.05744008679835133 41
0.003185556852145055 41
0.010412606467319563 45
0.01082049732078616 33
0.005944263298211183 37
0.02707716285988937 36
0.03501378765858476 41
0.003873866382143376 35
0.002458079444899397 38
0.016094353312730902 45
0.007520402133600612 41
0.04172946689603663 38
0.008190217768714092 33
0.020706004648424425 41
0.0008360555798176961 36
0.000523763092509455 37
0.005116985379508776 45
0.0069032592588058606 40
0.023354018839285118 47
0.048904199919796554 41
0.008535886878561882 43
0.0027859131558827244 41
0.024675574785575805 45
0.013166514380039018 33
0.010558420741077157 38
0.006253663735776627 38
0.011049085358393995 41
0.007616374457846575 36
0.0013057761648695987 37
0.020974853808255034 49
0.016493997008986128 45
0.01604068944165249 41
0.019366955769775984 34
0.002964841218627612 41
0.008521141712371616 45
0.0034661701790454913 35
0.007080288476878138 40
0.00567310685329403 41
0.015993072771209427 33
0.012049876546129212 45
0.023724030627725767 40
0.0013921660683564596 41
0.014396693335875455 36
0.0005066563068112373 37
0.04114457108730818 38
0.002386269459627499 41
0.0036588358264566523 45
0.03099073236280958 38
0.004288974914572918 43
0.01611527423488468 33
0.04054644609311708 41
0.008628887483567382 45
0.00826475322167397 36
0.00595623220259256 41
0.006956026789637804 34
0.003497247679476345 37
0.03299360922723338 43
0.008036970899411244 38
0.01953643147528794 41
0.001730104452953185 33
0.01898276771276386 45
0.017190783157346345 40
0.001333381827919311 41
0.01701049248002562 35
0.021174539978702 38
0.0179216725117044 36
0.0019866257633793794 41
0.008049032816849433 45
0.045152478605238855 37
0.002251949612890769 33
0.02507062928848569 41
0.015076173108369062 38
0.017293284401496578 45
0.006434299023226231 41
0.023427195973383164 34
0.027578591801741936 36
0.007159058168220156 41
0.01370783406377285 37
0.009775751097805596 45
0.0027571127674974605 38
0.013382795014088344 33
0.010657535686974029 40
0.041354900221968194 41
0.016085186576383137 43
0.000738142678031295 41
0.0008488393890857537 38
0.004802884048018541 45
0.006823356196626662 41
0.006991353394816713 35
0.037235511091772366 36
0.004282457756218605 41
0.007328917252898748 37
0.028135783691482175 33
0.017692928097751803 45
0.020593028720277573 41
0.022348383631381807 51
0.014498674446699056 38
0.010547656416541429 41
0.009919592119189247 36
0.01337849433020466 45
0.013417337853354638 38
0.0060527178624596445 33
0.0041242882166017125 40
0.0014058573442099487 41
0.0015265194593041542 37
0.05450770999483723 47
0.0011873383708618235 41
0.006809639485894081 45
0.04944310894160253 43
0.0008907371265038933 41
0.0242023256691013 36
0.00038163683550607175 35
0.013872815373233038 33
0.014920480398799896 45
0.0009721859703688551 34
0.0007291623570466754 38
0.0014707430677916022 37
0.008860206973878348 41
0.0006530492816025912 43
0.04792683054287039 38
0.02006760483947545 41
0.02860629979535645 45
0.008766182163519431 36
0.0024089592537777094 41
0.0012773592891690555 40
0.04940642477561141 33
0.004347343479800259 37
0.0007876946746065983 41
0.041833161768771276 45
0.014819230354973456 38
0.0100988635970225 41
0.028849007711066577 38
6.911403670528671e-05 45
0.000321038908325022 36
0.018102062545231945 33
0.034812173817194036 41
0.002160729462268307 41
0.013243239627094283 35
0.0072239438918018095 37
0.019667961143220225 41
0.037772125655131106 45
0.008942206724150026 41
0.00860743644079065 40
0.0007387266679828031 33
0.011071696221840455 38
0.0044455344693759 36
0.023634486274211497 43
0.00038805097835137303 41
0.0016509159658752992 45
0.0024984010233524145 47
0.017860264651297086 40
0.024941909875671797 38
0.005899741240099843 37
0.004200803063703518 34
0.03854822761184096 41
0.006113377372884088 45
0.008539743890402463 34
0.004238737923230929 33
0.019703146764726398 41
0.031692823256094016 36
0.006044116777530917 38
0.019268317446965 41
0.02519462463558142 45
0.004389801680758865 37
0.008587343035046047 35
0.015475454194529448 41
0.01593751359241935 40
0.0032834338537881536 33
0.0017018032222395618 38
0.021030289217470965 43
1.1592717910957617e-05 45
0.010046227474688862 41
0.04739385932366247 36
0.027063483410366018 41
0.011085100505212608 38
0.0034377577549591365 45
0.015853745127813568 37
0.0013109072760499885 41
0.0083136794227201 43
0.04781550009958835 33
0.0003893081846584323 41
0.018479365566044237 36
0.028126496911887955 45
0.010444916135760707 38
0.02200870166489466 41
0.00721007078142577 40
0.009490968812208678 47
0.006566551150413602 37
0.011752557975249545 33
0.0004112364141590774 45
0.0027309967999116225 41
0.0005615006488852714 38
0.0025018972720971533 35
0.042378080972085286 41
0.009267611105371998 36
0.03505521456629879 41
0.0026937256530246145 34
0.019691146579035035 45
0.023487911320771104 41
0.012345229525756451 33
0.021606945951823775 37
0.001853852886092966 41
0.016615177168361583 38
0.017369566933354008 45
0.0026769594151403453 38
0.018924530395402428 36
0.026256300826311474 41
0.0022856483089626067 43
0.028087257552662948 40
0.0008108801104214081 45
0.0016995302325923944 41
0.031257010201926505 33
0.02448354636383243 37
0.015172337932639834 41
0.013686299180271533 35
0.008490659410156809 36
0.020090790275283155 45
0.011506110377354162 41
0.0026465115305995823 38
0.023198614034818377 38
0.02008885085557921 33
0.018069386358199324 41
0.01201055366432513 45
0.02169918808871074 37
0.005660958687123241 45
0.00735934507083158 41
0.011842372752042252 43
0.015873478782772565 36
0.0211543663860283 40
0.0012105238066766333 45
0.015562854854593411 41
0.029050855710657686 33
0.012826376233100234 38
0.02544882414787253 41
0.0010025667819419937 34
0.0007519486807012754 38
0.009746313216297153 37
0.014252041549760008 45
0.006238392421785477 43
0.009544798532843402 41
0.017507379883639373 36
0.007164524006462614 35
0.01699785814182775 41
0.006225526233578194 33
0.017669742661936993 41
0.03977034413641434 45
0.0202812239547967 41
0.004045515243717546 38
0.017281704877504467 37
0.001473804392325917 40
0.012747670827081947 34
0.0014980467457377245 45
0.00011212075718702863 36
0.029426179476601533 41
0.009323980475073768 33
0.018689926846683136 38
0.03655000913055062 41
0.02089007766780071 45
0.016155024412036312 41
0.005295114374469279 40
0.026220907964621176 37
0.0057177773915668695 36
0.004051262655657695 38
0.007637798388422823 41
0.00963230057726605 33
0.021661919934643947 45
0.018508067898025615 35
0.018707001128483114 41
0.029434690417907916 43
0.0029072374271308377 40
0.004381346625642379 38
7.489248995540265e-05 45
0.001934918709231681 47
0.01857353837450404 41
0.019440589086592297 37
0.005275376637506213 36
0.014150582699748782 33
0.01584243372944627 41
0.013213903802800075 34
0.007094027902056155 38
0.02128972136404883 45
0.057440086798358436 41
0.015696937962495383 41
0.00117351730693116 37
0.004630667740997296 45
0.0068560851606349615 33
0.0074033639059933876 36
0.021679514721299142 43
0.005907611197031315 41
0.012843064619339373 38
0.032061183567805074 51
0.0038630796325946903 35
0.0003556928861456754 40
0.0024094548954352035 45
0.00472385092179195 41
0.0004750724048605548 38
0.05195390539395106 41
0.00028725807775487056 33
0.012820337550486727 41
0.005879951330541644 37
0.0170504328570118 36
0.00790167294070443 45
0.013787692119606731 43
0.05744008679835133 41
0.016470811573171318 41
0.0017355686457207753 45
0.017158067413532763 38
0.0024670034772640292 33
0.019608635688662446 38
0.00904336959099794 41
0.0009003675474943407 36
0.04468725106816862 37
0.002809098591697534 45
0.003768099688784332 41
0.053671987109567 40
0.005251613069667371 41
0.0009844302413526407 35
0.007340023233233239 34
0.021775011497531693 33
0.02147545905752679 45
0.000613549699039595 36
0.007067136726483625 41
0.006431827772750864 37
0.017006184741518382 38
0.026934937557605565 38
0.016071167876916093 41
0.03315660437750978 45
0.008212314543925459 33
0.011157701430654754 41
0.03601191637862655 43
0.007061726701117266 36
0.0032087422879527594 45
0.004190536314482074 41
0.00611081084468168 37
0.03630521752796767 40
0.010833522111219906 38
0.027439391166254268 41
0.007512043179282557 33
0.00785248391706972 45
0.014636168535751892 38
0.017131453553517417 41
0.01648977747518643 35
0.003891467490539924 41
0.01992738827910756 36
0.0013139359024734176 41
0.005407776382440943 37
0.008949811895746507 43
0.01725368902138058 45
0.024514873596309883 34
0.005651010078075558 41
0.01662306799860147 33
0.03155762273747342 38
0.0036083859842079846 45
0.01683459462953607 41
0.007516882304031469 40
0.0035043022956458003 47
0.026213960461731745 36
0.0010329475935151322 34
0.0007747350043629808 38
0.0015626645095281333 37
0.034551790649274494 41
0.0015513043316417452 45
0.005199620807339045 43
0.016137371010096047 33
0.055381678264573964 41
0.0020584085337844726 38
0.015271880484405642 41
0.002926979454770162 45
0.010812434098184553 36
0.023989527839454183 35
0.00443926492153679 37
0.019514334700076574 41
0.008258346156416962 33
0.025659376261394584 40
0.00400802968046321 45
0.009961369507969664 41
0.013406472591938723 38
0.034072244698442944 40
0.008541940649145374 41
0.022507251004974194 36
0.003102955298899701 38
0.015972074511800827 45
0.005041818945436205 37
0.0022740463881021356 33
0.05744008679835133 41
0.014872236788150417 41
0.04145287136931586 45
0.001114978640885056 36
0.003608401732826394 41
0.018651736796996943 43
0.01111752079226136 38
0.007513475199125708 33
0.0063564865316010355 35
0.005784792368821456 37
0.0044076733767255405 45
0.004603451932403857 41
0.0021132531112542097 41
0.023184384526622637 38
0.014562259702238123 40
0.012976737525832505 34
0.033752503256764044 41
0.012915685610664696 45
0.010771897930922592 36
0.011589278233905986 41
0.023533661057228983 33
0.00924808134967492 43
0.013069066157541442 37
0.014472593091895192 41
0.020086314459788923 45
0.005265397679877992 38
0.01761578156679633 38
0.037011269577391204 41
0.010229714366687404 36
0.005391785781299063 33
0.00480731707297366 45
0.036434337040660125 41
0.005060083188141107 40
0.011276554776252112 37
0.004669111793297986 35
0.02855379528308788 41
0.004799064277420939 43
0.024087227237849618 45
0.015491818621100606 41
0.009960784234799291 38
0.0019017474314608762 33
0.019503326286177014 36
0.010582410224813543 38
0.014072949395639966 41
0.02454487042115261 45
0.018822266981558755 37
0.052233126029122445 41
0.0052069607692288855 45
0.0036642217677353983 41
0.014033209229594945 33
0.01715952785676933 36
0.008110625656939874 34
0.005631834297965099 40
0.0020384537673763248 38
0.006802214221977465 47
0.03295321586424649 41
0.002788003540544537 45
0.021698867393560306 37
0.001716358797047235 41
0.005494369893497719 38
0.025815030943924455 35
0.00629016784343861 41
0.01812415932044331 33
0.008040511707299913 41
0.005632793992084828 36
0.039825883133964624 45
0.003940897965009071 43
0.02426693219855025 41
0.008597686794232118 38
0.018968863340077746 37
0.005606604465491216 45
0.01752754638972931 41
0.03197328559167545 33
0.00632284723420895 40
0.0016164075827376223 36
0.014015127818900908 41
0.01853844434909746 38
0.024886514630352963 45
0.006084079498997141 41
0.02390393908179078 43
0.023191233519121113 37
0.004195280286545255 33
6.555441190414513e-05 38
0.01327366200312241 41
0.005816907171265484 45
0.027076190751188278 35
0.011273326872775158 36
0.051433838636611995 41
0.006006248161739336 45
0.025250568435673415 41
0.0010633284050882708 34
0.0007975213280175808 38
0.004279452842958165 37
0.02464320844004675 33
0.0014060073465742562 40
0.02100449558525952 41
0.011149432886476518 43
0.0008881173042567525 45
0.003467794859552953 38
0.020930246162805588 36
0.05744008679835133 41
0.009602489923558721 41
0.0032715283833155695 33
0.011360799449903425 45
0.033205269041573615 37
0.026852921345515313 41
0.004117488312722628 36
0.007642256204384523 35
0.012421529077734306 38
0.006405891858001667 45
0.008709559165538394 41
0.03654463646819295 38
0.012185891164619989 33
0.005127240123805166 41
0.016230977220963894 40
0.010396067430718858 37
0.025685802022863413 45
0.017196002055477777 41
0.04024408474288066 36
0.01247437461061196 41
0.010991439934947778 45
0.01835134480787559 33
0.015622927444916002 38
0.01848161693276751 41
0.03215293431132693 37
0.006805535554256892 45
0.05744008679835133 41
0.08998946931742324 41
0.0 33
0.0 33
0.0 34
0.0 34
0.0 34
0.0 35
0.0 36
0.0 37
0.0 38
0.0 38
0.0 40
0.0 40
0.0 41
0.0 41
0.0 43
0.0 43
0.0 45
0.0 45
0.0 47
0.0 47
0.0 49
0.0 49
0.0 51
0.07022636297666196 51
0.029495523761433162 41
0.03436831126843032 45
0.00636252794679848 33
0.029589595691177806 41
0.008976654366954051 36
0.020424797464741573 37
0.01123531545378853 45
0.021590963717891043 41
0.03591034336517396 38
0.01272505589359696 33
0.016065444945461138 41
0.002194763362183494 38
0.040918983074703874 45
0.011047171594313454 36
0.0069061371396017535 41
0.0046605246434836545 37
0.036189070285992386 35
0.003383047067188727 45
0.01908758384039544 33
0.043181927435782086 41
0.02704443554087277 38
0.007024892853856102 41
0.005846594559052676 45
0.005670936683955574 40
0.02361754935900251 36
0.0026162777336082854 34
0.0006961360082726742 33
0.0030943143134862794 37
0.020841090756917424 43
0.0008185707085104355 43
0.03213088989092938 41
0.004389526724366988 38
0.03370594636136559 45
0.033249545747011666 41
0.005164177495665001 41
0.00971829654536549 33
0.016640871365645182 36
0.001243049223042192 38
0.0042104225999324285 45
0.013812274279217718 41
0.009321049286967309 37
0.04709303941047693 35
0.025285101161500734 41
0.006766094134377454 45
0.03817516768078377 33
0.007495252502558003 41
0.04070108233383252 36
0.004182189500959055 38
0.0024021005855843214 37
0.015445738053728064 45
0.016137491894916423 41
0.009551175454163285 38
0.04453769562758225 33
0.014049785707712203 41
0.011693189118105352 45
0.011341873367911148 40
0.03314151478293326 36
0.014093583935064657 41
0.005232555467216571 34
0.001392272016538243 33
0.006188628626972559 37
0.007792945303478405 43
0.008845324119874931 35
0.025043912090495724 45
0.001637141417020871 43
0.037728455612807466 41
0.026533324169044192 38
0.002412664103047746 38
0.0035519190917625565 36
0.002814470253916568 41
0.01014914120156618 45
0.04632105002146858 33
0.010941701499710632 37
0.032309994015356835 41
0.03418909747865939 45
0.003727271482645733 41
0.006601083508684269 41
0.004993040123167702 33
0.014443552967563278 40
0.03328174273128326 36
0.0024860984460914892 38
0.008420845199864857 45
0.027624548558435436 41
0.018642098573934618 37
0.023959715844291907 35
0.00023855556189289473 41
0.009862306188765046 33
0.010973816810910364 38
0.017539783677158027 45
0.017012810051873828 40
0.0145990906860618 36
0.05057020232300147 41
0.005683355067922946 45
0.0070580940060125386 34
0.0007907391948194231 47
0.002088408024810917 33
0.004035564360094668 37
0.00524737858036417 41
0.005436641491577632 43
0.05708663077918885 38
0.0024557121255313064 43
0.009839363107779775 41
0.005151141897329126 45
0.0427493576398561 36
0.01248650033169696 33
0.02616630669611908 41
0.00836437900191811 38
0.004804201171175748 37
0.018498422046242524 45
0.012393054061206499 35
0.032274983789832845 41
0.012305116906446756 38
0.00679723400188692 36
0.017453075932479578 33
0.0013959523460158607 45
0.07022636297666196 41
0.0028705727795070857 41
0.02522899863591732 37
0.0014227028489344207 45
0.015492532487009214 41
0.006471142900259963 33
0.018740413325033956 40
0.0039433334107954465 41
0.038288418230777665 36
0.011634195866150776 38
0.003729147669133681 38
0.012631267799804391 45
0.02818716787012221 41
0.010465110934447353 34
0.0027845440330693805 33
0.012377257253945118 37
0.01558589060695681 43
0.0008263922781210908 35
0.01686425596162877 41
0.01666867314034448 45
0.033419151040646966 36
0.003274282834041742 43
0.03228975085777108 41
0.014070028865290851 33
0.023866583253600027 45
0.005230548248952971 41
0.004546161670162974 38
0.048520486667918306 37
0.0048253282061097025 38
0.0071038381835180076 36
0.005628940507840241 41
0.02029828240313236 45
0.04429914006568225 33
0.03239273577258217 41
0.002731728496698338 34
0.008342492470305274 45
0.004876003237669124 45
0.01601447708728898 37
0.005868925912118073 40
0.010740269504978528 41
0.0088244254592027 35
0.0029210625434785698 33
0.0043357544591984265 36
0.037798476063855446 38
0.005606374945948289 45
0.0627718200113705 41
0.007454542965291466 41
0.00012077834932711085 41
0.004015500206513423 34
0.009065888461542215 38
0.0034806800413420547 33
0.00650540020499335 37
0.0007009015517738248 40
0.008265269810664222 45
0.019920934572681404 43
0.0041184940150031935 36
0.014032515762821163 51
0.04841247568474927 41
0.004972196892175873 38
0.012748836857184642 45
0.004092853542552177 43
0.006839639070584269 41
0.04840945804627239 33
0.0149772658598053 37
0.01143858591335345 41
0.0012152474483428932 36
0.009653097926367593 45
0.047919431688598024 35
0.00047711112378578946 41
0.019724612377515882 33
0.021947633621827833 38
0.027854082279510806 45
0.00022292357402164953 38
0.0070025615007835995 41
0.016586422697542957 40
0.017439197406197593 37
0.02331276454912512 36
0.00588541682301269 33
0.0014185179079078125 41
0.06880784506875415 45
0.030914041669340975 41
0.011366710135845892 45
0.014116188012025077 34
0.0015814783896388462 47
0.004176816049614729 33
0.008071128720196441 37
0.00039141431903289003 41
0.01010334284168124 36
0.010873282983155264 43
0.012505552927287056 38
0.0023935753756063605 35
0.024142396984011327 38
0.009816797545887823 45
0.025795002781713094 41
0.025820887478339216 41
0.013699048465539931 33
0.004911424251062613 43
0.019678726215552445 41
0.010302283794665357 45
0.00051411132772472 36
0.03973124163871944 37
0.04295900386177465 41
0.002294358451486289 38
0.003920887663731776 33
0.021052112999669248 45
0.019874048913692377 41
0.032458564478538676 40
0.007237992309164554 38
0.009490765694678771 36
0.0011649915805875821 37
0.008443410761763914 41
0.030447423604698542 45
0.006549420487786506 33
0.024786108122412998 35
0.037938934523197076 41
0.026611033056468614 45
0.00567639539699627 38
0.014214362284391768 41
0.004719476131512579 34
0.01359446800375963 36
0.004872952057880298 33
0.021660200194403956 37
0.008372999612689114 43
0.002791904692024616 45
0.06839805833769219 41
0.0018283046389697688 38
0.026165778472865497 41
0.0005378405965430488 33
0.0218198150376665 45
0.015972933910013865 36
0.005729994959573048 43
0.005741145559014171 41
0.010173422761880602 37
0.040284574509946935 38
0.0008077738064926621 45
0.0020376318913832847 35
0.0111818144479372 41
0.01980325052608123 41
0.012942285800519926 33
0.0020368345689831813 40
0.03544399208108473 40
0.007886666821590893 41
0.007581636794029123 36
0.028839092001533118 45
0.02591896735950172 37
0.013440722579275644 41
0.0007964177272157258 33
0.023268391732301552 38
0.007458295338267362 38
0.025262535599608782 45
0.0374762625127687 41
0.01889807322747572 36
0.013852027236410436 34
0.004232988161831486 41
0.0028452064706527835 45
0.005569088066138761 33
0.024754514507890235 37
0.03117178121391362 43
0.0016527845562421817 35
0.03372851192325754 41
0.025367983833419316 45
0.007969362447269646 38
0.00316050477270835 36
0.0007156666856786842 41
0.02958691856628093 33
0.02091094750480238 38
0.012010502927935818 37
0.00045376162388777175 45
0.006548565668083484 43
0.04561702373949572 41
0.018962477976046443 40
0.00564686126111269 33
0.022493196469469012 41
0.003935894448986232 45
0.04379727205821382 36
0.010461096497905942 41
0.009092323340325947 38
0.0025143114608283668 37
0.029920988931849024 41
0.0062282535378273 45
0.012009389207918275 33
0.009913877226864543 41
0.029252960954110563 35
0.00720119201643854 47
0.009650656412219405 38
0.014207676367036015 36
0.011257881015680482 41
0.017050065203761733 45
0.021174282018037616 34
0.002372217584465375 47
0.006265224074411435 33
0.012106693080298214 37
0.0157421357410783 41
0.01630992447474 43
0.008701344561302449 38
0.029472958199534105 45
0.015381919324156001 41
0.03010999855099783 36
0.01929355367001051 33
0.005440891431504724 34
2.2565561891951802e-05 41
0.016684984940610548 45
0.009752006475338248 45
0.03202895417457796 37
0.0039449639904631795 40
0.00042575145718615204 38
0.007367136376586814 43
0.021480539009957056 41
0.008037550313375164 35
0.009611300605030237 45
0.0058421250869571395 33
0.008671508918396853 36
0.016583339042952616 38
0.059013613084758276 41
0.006012193951207223 45
0.005200555940689355 37
0.03276686198155687 41
0.037459500995112194 33
0.0043347477298283366 41
0.013948026139701142 36
0.037034503176542444 45
0.014909085930582933 41
0.0002415566986542217 41
0.0047660679762913105 34
0.003264932436735535 38
0.01813177692308443 38
0.006961360082684109 33
0.0130108004099867 37
0.0014018031035476497 40
0.016530539621328444 45
0.005917525724356665 43
0.03304720079303536 41
0.0008771426279707839 35
0.008236988030006387 36
0.028065031525642326 51
0.007047458415755159 41
0.012994347672204754 45
0.05018455688870915 33
0.0011336355886584215 41
0.000571945610261082 40
0.024893007193909966 37
0.009944393784351746 38
0.025497673714369284 45
0.0014732832206334479 43
0.006712423864470907 36
0.013679278141168538 41
0.010658723915980772 33
0.0037261091198530494 38
0.037974394761619124 33
0.004187857038047582 45
0.040271831257044255 41
0.0299545317196106 37
0.007316750194362953 41
0.015560421632343946 33
0.0024304948966857864 36
0.019306195852735186 45
0.0035756895345997464 35
0.022036810865927237 38
0.04240153015452108 41
0.01240166033031187 34
0.015423172491836112 45
0.0009542222475715789 41
0.0076574960909567835 33
0.03179172866407498 37
0.0022457287842598816 38
0.009817591731007269 43
0.01775959545878436 36
0.014072351269604155 41
0.004268108546824578 45
0.046477597461006326 41
0.004962458551190707 33
0.00044584714804329906 38
0.014005123001567199 41
0.029562752029463013 40
0.0036100933656229017 45
0.02304839458000174 37
0.011830000232393445 41
0.04435052412682694 36
0.0022750049714233 35
0.002766555852403485 33
0.009004277793621895 43
0.002837035815815625 41
0.05363185613225596 45
0.013757471028583268 38
0.015517855478137221 41
0.005627261091717628 37
0.011187443007401043 38
0.009087036346315358 45
0.01067340546026685 36
0.018133361592830965 33
0.06182808333868195 41
0.008398279637972905 45
0.01433514063371888 41
0.028232376024050154 34
0.0031629567792776925 47
0.008353632099229458 33
0.016142257440392882 37
0.0007828286380657801 41
0.02020668568336248 36
0.0001077298020248918 43
0.021638836164285635 45
0.02501110585457411 38
0.0024791768343419562 35
0.0023079739168707647 41
0.024568636497605212 38
0.012491335075765164 40
0.011224822394652278 33
0.019633595091775646 45
0.02242399261773187 41
0.007948431711511716 37
0.021217581234182603 36
0.018636357413228666 41
0.009861928669664621 41
0.023143488873785145 45
0.024965200615838512 33
0.0024328963152413507 40
0.003923529531107306 43
0.0058993189710179195 38
0.03935745243110489 41
0.020604567589330713 45
0.00102822265544944 36
0.009236120300784023 37
0.018373418862339008 41
0.008269470734319384 38
0.042210086595886764 33
0.001373386784109698 45
0.009087484948750557 41
0.047407629140835184 35
0.013731248887083325 34
0.01569164474688023 41
0.0036336079880641137 38
0.0009551089149084646 36
0.007841775327463552 33
0.0012079927800243695 45
0.04022608607532163 37
0.0006701471439924944 43
0.039748097827384754 41
0.017869562911371872 40
0.01260870223791244 45
0.013917833703061433 41
0.020521030104731608 33
0.014475984618329107 38
0.018981531389357542 36
0.0023299831611751642 37
0.01688682152352783 41
0.02039578694125055 45
0.03294375451189069 38
0.007555305756255848 41
0.013098840975573012 33
0.025728198553125026 35
0.013202598481072414 45
0.010641419210628555 43
0.008278081140630889 41
0.006335107193152112 36
0.021623078563180798 41
0.03399009607970527 37
0.0011927778094644736 41
0.004458728260260614 33
0.0448528026835362 45
0.00836926342940103 38
0.01135279079399254 38
0.02695184434107034 41
0.0014768802277131954 34
0.0067183052623818185 34
0.002720647000643339 45
0.022306830410286693 36
0.004882105597232567 45
0.0051697501373411114 33
0.004576153978419484 41
0.04332040038880791 37
0.0047230308730519255 43
0.012022968352326302 40
0.005583809384049232 45
0.03222080851492137 41
0.026473276377615207 35
0.00876318763044992 33
0.0027690904536683547 36
0.010238172923905609 41
0.013673541453485427 38
0.01923068965918162 45
0.02342734966215687 37
0.0036566092779395376 38
0.052331556945730995 41
0.0010756811930860977 33
0.016819124837837762 45
0.02682050523749524 41
0.03194586782002773 36
0.011459989919146096 43
0.011482291118028343 41
0.0011941078055599519 37
0.01915273771820125 45
0.014139892357150075 38
0.024257333977715234 33
0.04217192268502856 41
0.0016155476129853241 45
0.004075263782766569 35
0.00854736684789259 41
0.01381626204799602 36
0.0003623350479671217 41
0.012046500619561584 34
0.02324396941050111 38
0.003953695974104221 47
0.01044204012403327 33
0.015442531477020793 37
0.004073669137952152 40
0.0006616211855146048 40
0.0014410834697997643 41
0.024795809431992666 45
0.027183207457895264 43
0.01680626261698137 38
0.015773333643181786 41
0.01235548204500958 36
0.0028077915430344547 51
0.00230736587411684 45
0.03698238987131219 33
0.018388428257651412 41
0.042043702735014676 37
0.009794231984002977 45
0.026881445158537076 41
0.0015928354544456624 33
0.016888648721376853 38
0.009991202746732597 36
0.014872230895562666 35
0.004784701100916777 41
0.014916590676534724 38
0.03725338653832466 45
0.0009931240332292646 37
0.012278560627663637 43
0.020518917211745702 41
0.028677898327131857 33
0.021029547437777296 45
0.004726162048882543 41
0.03779614645495144 36
0.02770405447282087 34
0.008136197089456232 41
0.0003297792342067396 40
0.005690412941291356 45
0.011138176132305944 33
0.0010810994215546543 37
0.018164060739636056 38
0.025686637418218083 38
0.004577231436357465 41
0.006308685414765591 43
0.02342984088892308 41
0.0036457423450428905 36
0.028959293779109885 45
0.0033055691124559416 35
0.0077938613181629535 41
0.05606695413722207 33
0.0035962083911442733 37
0.0027693391301397696 45
0.04796662853669886 41
0.01593872489452508 38
0.006321009545430911 36
0.0014313333713573684 41
0.02529485125994313 33
0.03387898587261873 45
0.00962119247274984 38
0.03220070253685492 41
0.024021005855871636 37
0.0009075232477613326 45
0.008165936760732961 43
0.004931194575434006 33
0.023268586145746895 41
0.04628900610886433 36
0.0006687707220578432 38
0.00826109267062236 41
0.006194826312409418 35
0.0010349501944801887 34
0.005516815324838831 45
0.037924955952064465 40
0.011293722522239591 33
0.0005405896183390269 41
0.04444580332061321 37
0.007871788897958254 45
0.00028575111068107617 36
0.0170824300290775 43
0.006444252472704193 41
0.0461258600349197 38
0.017656250469030965 33
0.0042555537237234375 41
0.016666639272116868 45
0.01633336461225099 38
0.001851282068372484 49
0.005028622921670944 37
0.026090900378534343 41
0.01222141455141923 41
0.021529662933730265 36
0.01245650707566881 45
0.02401877841583655 33
0.010932502446351577 41
0.008895252007363297 40
0.04341884679287489 35
0.006979761730065093 45
0.007446726757947886 41
0.0006605866273474703 37
0.014402384032891291 47
0.017335359195854494 38
0.001965953628570105 33
0.0007021464711272074 36
0.013797504218246104 38
0.013915702044684508 43
0.022515762031360964 41
0.011363409883898612 45
0.022736720523639065 40
0.013610470537756214 34
0.028738093498319017 41
0.004744435168916539 47
0.012530448148837081 33
0.005998308976728595 37
0.018215077183867834 45
0.0011742429571199864 41
0.030310028525036614 36
0.03261984894946579 43
0.006122242545032464 38
0.011280446577586645 41
0.015839554142857537 45
0.004274415516363206 33
0.007180726126833292 35
0.031651220613028386 38
0.014352863897542534 41
0.01641097475075526 37
0.01001213169071491 36
0.017643103038281538 45
0.011807289599360615 49
0.020757472773638597 41
0.011100181954191157 33
0.027486925385829863 51
0.010881782863009448 34
4.5131123783903604e-05 41
0.00711351424469342 45
0.00831007580437415 41
0.017946379832153525 38
0.019504012950676497 45
0.007434320383779891 37
0.009872928637193468 36
0.014394944826847222 41
0.015145710058376949 33
0.017210004442944182 45
0.00788992798094057 40
0.0008515029143723041 38
0.014734272753187838 43
0.028549502918096437 41
0.014411575101803464 34
0.016075100626750327 35
0.011190184330004627 45
0.008032416880055848 41
0.01168425017392849 33
0.0015423339831670546 36
0.01580068385359823 37
0.03316667808591944 38
0.009824610016721635 41
0.008480729414699795 43
0.051921023545233425 45
0.001669888933250263 41
0.046130974259611435 33
0.001505399552300446 45
0.010518988350128211 36
0.0104011118813645 37
0.0004796692779081013 41
0.05817097933073967 38
0.006883075354465973 38
0.004692639013555322 33
0.007070023977647111 41
0.047457715825345304 45
0.01569862317366244 35
0.008669495459670884 41
0.019495642717089368 36
0.008400409562327127 37
0.02260564827723499 45
0.0004509507247547617 33
0.010604216235591934 40
0.04040819111548899 41
0.014265328399474697 41
0.011387551985549749 43
0.0041652914761414195 45
0.0004831133973084434 41
0.009532135952582621 34
0.0065298648734852804 38
0.021713976927472345 38
0.014549576918682305 36
0.013922720165368219 33
0.003494974741769852 37
0.02252662607820355 41
0.0028036062070810885 40
0.03306107924265689 45
0.01183505144871333 43
0.04644614012272541 41
0.008379615923999495 33
0.011268645539360023 45
0.0017542852559415678 35
0.00237767613464257 36
0.014096299925370204 41
0.017509913142404798 51
0.0034650622485941085 38
0.035155087660285744 37
0.014094916831496107 41
0.01851564233733427 45
0.007473053007103658 38
0.03014275080073503 33
0.027211919556535236 41
0.016378521036386928 36
0.02663592238373269 45
0.002267271177331054 41
0.0011438912205079532 40
0.030309921831289444 37
0.0194760925565447 33
0.017029186190995915 38
0.002859601377707577 41
0.03978348547545352 45
0.011211861953285052 34
0.0029465664412668957 43
0.013424847728941813 36
0.0074347003925083754 41
0.014388681526085634 35
0.005535174363743067 47
0.004996568856810768 33
0.009622287316830125 45
0.006698591658320652 37
0.007452218239691888 38
0.014098140622664346 33
0.003431373885845801 41
0.03330027617667497 41
0.02511899883806734 43
0.008375714076080953 45
0.004561777526902233 41
0.011602970435319548 38
0.00483128037330971 36
0.049230334641137574 33
0.010317299537433655 41
0.010802510147911448 37
0.04910655329130975 45
0.014633500388740117 41
0.03112084326465947 33
0.004860989793385784 36
0.014126115612967283 45
0.005484913916902201 38
0.015138758590239831 41
0.0038626035853610574 40
0.007151379069199493 35
0.022730808350786447 38
0.021342813381082237 37
0.008270972441934532 41
0.001613521789622041 33
0.06034186874509828 45
0.005117576367922538 41
0.009459120964450562 36
0.02480332066062374 34
0.013656360104945975 45
0.01718998487872625 43
0.0019084444951431578 41
0.015314992181913567 33
0.030520268285627594 37
0.02113183679175279 38
0.0013508212222177463 45
0.010580531028566043 41
0.004491457568519763 38
0.019635183462000327 43
0.031065107465920505 36
0.004454083451662427 33
0.02814470253920831 41
0.0024233214194708808 45
0.006112895674164065 35
0.01910876710233822 41
0.014436676241473378 37
0.05764022630064858 41
0.0017695252775666859 45
0.004887016172048675 33
0.0050379009303185285 36
0.0008916942960865981 38
0.028010246003134398 41
0.006110503706921122 40
0.036105613266599335 40
0.01690938708541978 41
0.0072201867312458035 45
0.0025164021573544915 37
0.026401247657389604 38
0.017179139345245176 33
0.02366000046478689 41
0.022744910382073158 36
0.010331759941379914 45
0.013489692188429103 34
0.02069926942181155 41
0.021435416319974365 38
0.004550009942832389 35
0.00553311170480697 33
0.01047801648536506 43
0.0075305391018787304 37
0.005674071631617039 41
0.047575524524333446 45
0.01038909395235521 36
0.006587672868349159 43
0.021510952909565617 41
0.01365864248349169 34
0.005152572344755413 45
0.002389253181675599 33
0.027514942057166536 38
0.006655694767943032 41
0.02438001618833141 45
0.011254522183435256 37
0.022374886014802087 38
0.00556124382215728 45
0.012612828870473436 41
0.02134681092054791 36
0.00692209362502183 33
0.029048731963811747 40
0.0002958975967999322 41
0.023934279939282987 41
0.02976706758559544 45
0.015900613489534976 35
0.0006244019622556607 37
0.02759711184421576 41
0.01460531271742127 33
0.011227379139072013 36
0.005347062164233307 45
0.005104330992665496 38
0.006345166119047008 38
0.02867028126743776 41
0.04155608170923131 34
0.012698964485480246 41
0.002209705853374544 45
0.006325913558569596 47
0.016707264198444705 33
0.013457388585052854 37
0.01882712629573291 43
0.0015656572761599818 41
0.04041337136671075 36
0.0002154596040497836 43
0.02803187472974855 45
0.014872055950618801 41
0.00037374164821812883 33
0.0500222117091198 38
0.004958353668698123 35
0.0014636490316917161 41
0.0031522988020498133 45
0.0016657873436116688 38
0.02487351778998459 37
0.022597967861614165 36
0.0164731421477029 40
0.008509528003841638 41
0.022449644789290346 33
0.03926719018353708 45
0.03683676131673508 41
0.008011223918742871 38
0.015606711319094302 37
0.00029015210392913104 45
0.009481514318167683 36
0.0021470000570218417 41
0.03080664809317568 33
0.03727271482645733 41
0.0006038917466355542 41
0.0191199655927079 34
0.0009575354398663194 45
0.04532944230768976 38
0.004215527889755322 33
0.00660830811439439 41
0.006579564202567667 35
0.006920209056062276 37
0.02560679196889737 36
0.003504507758862019 40
0.0013612848716348935 45
0.007847059062214612 43
0.011798637942035839 38
0.020319367177435765 41
0.03932893996267239 43
0.010578055836546696 33
0.008488541885554923 41
0.041209135178647216 45
0.00205644531089888 36
0.014870585866759711 37
0.003601654734808335 40
6.378416256325181e-05 41
0.036683053562100554 51
0.0012372279223171745 38
0.015301713546321594 45
0.01694058378335228 33
0.00979232577586231 41
0.05768726363255894 38
0.002746773568247818 45
0.00906090977871088 41
0.009114060118761813 36
0.0019190395590840126 35
0.026829241789940284 37
0.023303111730157866 33
0.02674875019319245 41
0.016015115009295755 45
0.02746249777418086 34
0.03138328949374625 41
0.007267215976142438 38
0.0019102178298169292 36
0.012251559370426435 33
0.0034319912844864575 38
0.0024159855600771607 45
0.007542934382499311 37
0.004023169079459876 41
0.049762095263901074 41
0.019123973424768792 43
0.0013402942879991997 43
0.015513434739389709 41
0.01868476061352453 45
0.03404190580813804 33
0.0019862618156025746 36
0.009269832678100443 41
0.01773031391806512 40
0.0027414850844138527 37
0.01526732682026477 35
0.007965294710800208 45
0.01725210976502467 38
0.027835667406108655 41
0.019438484160147596 33
0.02160357604932983 47
0.001348635361068773 38
0.004278119285615389 41
0.023325214589959842 45
0.037963062778729295 36
0.0046599663223503285 37
0.02147313945933149 41
0.012300503587724165 33
0.03645271992961341 45
0.004338853952873478 41
0.010358621728812523 38
0.042495453885067036 34
0.006076237241728677 36
0.006957196168173141 45
0.007993958759143993 41
0.0071166527533819135 47
0.018795672223262727 33
0.007402009727883296 37
0.028918069512997135 35
0.01471680958439947 41
0.007821518008853445 38
0.024688079629981985 45
0.0017171173321486322 43
0.021282838421271322 43
0.008748083565734532 41
0.007808078715527245 33
0.005585157809747443 36
0.0037884975797624065 40
0.0032965589967801634 38
0.022807474687141394 41
0.018192511621975882 45
0.0022461708172443196 41
0.06798019215941054 37
0.0023855556189289473 41
0.008917456520535438 33
0.0348427458329752 45
0.011163239001348302 36
0.012917366002881181 40
0.030782254529853503 41
0.01001628137105115 38
1.3884974478628465e-05 45
0.006708360513286493 37
0.005354173858080458 38
0.013374435402042195 35
0.003976972327862427 33
0.05390368868214068 41
0.00295376045541218 34
0.013368913839116203 34
6.76966856758554e-05 41
0.0054412940012724675 45
0.044613660820573386 36
0.009764211194465133 45
0.010339500274668012 33
0.009152307956853178 41
0.020410912490262945 37
0.0395485246594518 45
0.0011146178701011422 38
0.025566745757799936 41
0.009446061746118062 43
8.577887420813113e-05 40
0.011749113097195618 36
0.0012772543715442453 38
0.005399380908329476 43
0.005534409453346711 33
0.011167618768112675 45
0.04771855801499214 41
0.016723059014850605 37
0.005784745946812109 35
0.018327904993327593 41
0.0288339018150765 45
0.015314115606159362 33
0.002212259654754689 41
0.00553818090735092 36
0.020476345847797006 41
0.027347082906956643 38
0.022402934221901205 45
0.016058445096476248 41
0.024740833765136472 37
0.02211386555917727 33
0.007313218555879075 38
0.007092589539524852 41
0.016958825244287823 45
0.004739644832937984 36
0.041435303359904196 34
0.034436750914807135 41
0.0021513623861721953 33
0.005479196264715824 45
0.012557385588905845 38
0.015601667822068066 37
0.005781915836266194 41
0.04210237908056058 35
0.005756715558163705 40
0.012442626587414907 36
0.004142725914249468 45
0.003907084292364971 41
0.02416713867565079 43
0.019232160170361112 33
0.022919979838292193 43
0.008752226389589168 41
0.014212355846481728 38
0.002388215611105693 37
0.0383054754364025 45
0.006568089693075763 38
0.013004243189513431 41
0.008707451831696744 36
0.03313662658740668 33
0.015378041368052209 45
0.06153083229419565 41
0.008695530682459207 37
0.014117482393388059 41
0.0012316846810307425 45
0.0019994105449541166 33
0.008150527565533139 35
0.01709473369577097 41
0.02763252409599204 36
0.0007246700959484542 41
0.01429820392885972 34
0.009794797310235026 38
0.018795334819770915 38
0.02661335682184074 45
0.001079247179418985 41
0.007907391948194231 47
0.02088408024806654 33
0.030885062954055797 37
0.008147338275904303 40
0.0013232423710149988 40
0.0019570715951999773 41
0.0009250953443995513 36
0.04959161886399954 45
0.017752577173069994 43
0.002624111180821842 41
0.029753579520217954 33
0.004236147041666527 45
0.009873974687153009 38
0.021949157003959385 43
0.0017893935428503482 37
0.02891523940245122 41
0.0026314278839123517 35
0.009336448994133661 36
0.01537451509589971 38
0.005615583086068909 51
0.004614731748219469 45
0.003738416765969532 33
0.07022636297665485 41
0.021142375247251266 41
0.015634481268037348 45
0.02142794494533007 37
0.0019206168032752657 38
0.0010108447136616405 33
0.009090099999113477 36
0.042884643551815316 41
0.007753255456862007 34
0.019588463967977532 45
0.05376289031708836 41
0.003185670908891325 33
0.001800089705938035 38
0.011477712044751343 41
0.0034009067659752645 41
0.0017158368307832461 40
0.004790316196690014 37
0.010592435898615804 45
0.019982405493479405 36
0.02974446179111112 35
0.009569402201833554 41
0.02124472213633055 38
0.008588459216724686 43
0.007997778815408196 45
0.022826000606372077 33
0.04368299365488326 41
0.001986248066458529 37
0.004419849661886133 43
0.018809015933086926 36
0.0013282556603400053 45
0.041037834423505615 41
0.02918852855316345 33
0.002787643194778866 41
0.011178327359544937 38
0.014201297546776459 33
0.0029930978186314405 45
0.03906599705692315 38
0.009452324097750875 41
0.0025705566386164946 36
0.02265242574033266 37
0.017373256491936218 33
0.005614228893904283 35
0.012563571114114325 45
0.014818254031027323 41
0.05540810894564174 34
0.016272394178884042 41
0.0006595584684276901 40
0.011380825882582712 45
0.010729141259034236 33
0.011547211005577651 36
0.0021621988431235195 37
0.017475033339039214 38
0.0029540726299899234 41
0.015899015510242975 34
0.02757438826850489 38
0.023798886567917066 45
0.00915446287271493 41
0.012617370829545393 43
0.00017841688084274665 41
0.046681264896989205 33
0.0015948474965625792 36
0.005696637193523202 41
0.013232380682453027 45
0.025921653136862233 37
0.01876455373890451 43
0.006611138224926094 35
0.004115930378858934 41
0.011471792257452762 38
0.00048233884174919694 33
0.019122099476888366 34
0.035034202021705596 45
0.010270881260836973 41
0.01309236400962277 40
0.004631502924155484 45
0.006923784891085916 36
0.02257673484841405 38
0.007192416782274336 37
0.005538678260279539 45
0.009225194689506111 41
0.04775303279737386 33
0.013248135489774882 34
0.02395684550117494 41
0.0017500485955821432 45
0.003436987495049948 38
0.028440462293986002 40
0.00680655469057001 36
0.005835464400306023 47
0.002862666742700526 41
0.02297248827287035 33
0.02761721424703012 37
0.01677399371405386 45
0.004955523558166419 41
0.04602845447300297 35
0.006737186352779645 38
0.009005337388629187 43
0.0034998612040908483 33
0.012721530047372198 41
0.004226046552929574 45
0.030350281214339248 36
0.01710354725906882 38
0.005824957902945016 37
0.042217053808812466 41
0.0018150464955084544 45
0.01098927914495107 43
0.005342594376514853 41
0.009862389150868012 33
0.04653717229149379 41
0.023689190685175276 36
0.001486214593583668 41
0.03125507756161028 45
0.02126015372378731 37
0.01304797709764216 33
0.00183939855591575 38
0.0013375414441298972 38
0.01652218534124472 41
0.012389652624818837 35
0.0020699003889461665 34
0.011033630649691872 45
0.028210993971953258 40
0.005900405005988318 41
0.041738512926201565 36
0.012838344184260109 33
0.009749100860204862 45
0.0010811792366638429 41
0.06914518374000522 37
0.019746422901235405 41
0.0005069993725328459 45
0.015236578423397873 38
0.0005715022213479415 36
0.005214887066870233 43
0.028949972991270556 33
0.012888504945436807 41
0.026758924349365998 38
0.009594517367872868 37
0.020984416313993393 45
0.028088847124337235 41
0.006825014914255689 35
0.008299667557224666 33
0.02186606679252634 43
0.005146766588310925 36
0.008511107447446875 41
0.033333278544233735 45
0.028381976984988455 38
0.004284752239527734 41
0.003702564136730757 49
0.010057245843341889 37
0.01050677187218696 41
0.009455297117085593 33
0.016880225208737443 45
0.01533950655904448 40
0.0008454484452755651 41
0.023597380657577105 34
0.00451112078803817 36
0.03854820507942236 38
0.002724208006355866 45
0.022188806144995965 41
0.024364760289401488 33
0.016881783275167095 37
0.006791013267090307 38
0.021865004892688944 41
0.004906310862395458 40
0.012884193152345347 45
0.014376915886600727 35
0.01619393818262438 36
0.014401841453093311 41
0.0014244367451112794 43
0.04044056131832008 33
0.013959523460144396 45
0.01489345351588156 41
0.0013211732546949406 37
0.028804768065782582 47
0.025206968140309982 38
0.009463750251399006 41
0.00393190725714021 33
0.0014042929422544148 36
0.0007360498505022406 38
0.02668911531227991 45
0.00016984327372426833 51
0.027831404089354805 43
0.04503152406272193 41
0.008428179511284384 45
0.01429864025651284 37
0.0024680191461357026 40
0.0031012223046076315 41
0.0398840308951236 33
2.016870141119398e-05 36
0.008216748789379835 34
0.019004192286146804 35
0.004300684847507341 41
0.03209022932118444 45
0.014903193797934478 38
0.006182079029997567 41
0.0036086527851892924 47
0.005880217552657996 38
0.0032613056421837427 33
0.02179959065549042 41
0.01199661795345719 37
0.03643015436772146 45
0.0023484859142399728 41
0.058254043473425554 36
0.002366013576647674 33
0.00032318940606046453 43
0.006934630606281189 45
0.05798187788658993 41
0.0023839628270252433 38
0.009860522263053895 37
0.022560893155144868 41
0.0093771884502587 45
0.022301919835470585 36
0.008548831032726412 33
0.00743753050305429 35
0.006923921750626505 41
0.034652466428170214 38
0.010480028737788416 43
0.01816994606008393 45
0.010403468266758864 41
0.018302259528326204 40
0.0191717456989835 37
0.013650203802512806 33
0.008698685680073481 36
0.00934647862781901 41
0.001979099073551538 38
0.003613454678969674 45
0.03167275139757919 34
0.02361457919873544 49
0.040821101462796605 41
0.0006938440844947991 45
0.022200363908368104 33
0.0035566683975787328 51
0.002954385123430825 37
0.020890910011104324 41
0.002098456684976213 36
0.02547343055455542 38
0.021763565726033107 34
9.026224756780721e-05 41
0.004038869032470416 45
0.010188159456916424 35
0.0166201516087483 41
0.00421497525476866 38
0.006156463898392417 33
0.025521320511160184 43
0.003396160966630646 45
0.029585786009008075 41
0.006026078925685852 45
0.014868640767573993 37
0.019745857274386935 36
0.028789889653694445 41
0.030291420116753898 33
0.011145053206220723 45
0.02327495567966764 41
0.010184172844873274 40
0.005595683117007866 40
0.0017030058287303973 38
0.011770588593321918 43
0.01769795691305376 38
0.003951752016178034 41
0.005891986400612836 37
0.008506732138428674 36
0.004076891151683526 45
0.03467164412930401 33
0.013127357140461982 34
0.015695793063130736 41
0.032150201253514865 35
0.022380368660009253 45
0.016064833760097486 41
0.02336850034787119 33
0.0030846679663341092 36
0.02770836090236628 37
0.003893006804830179 41
0.0032221482966008352 38
0.0480051014855718 45
0.015106106389652041 38
0.0097023058132919 41
0.00994691422015137 33
0.0169614588294138 43
0.03241225093628941 45
0.0012034331775225837 36
0.010857889155772682 41
0.03670894732819363 37
0.018539366140331026 41
0.004120160352357516 45
0.003339777866500526 41
0.022144192656242012 33
0.0017784843234807113 38
0.00888398824635317 35
0.034079919884078436 40
0.025375363409082752 41
0.003010799104586681 45
0.011553084248106416 36
0.009484892452150007 43
0.017779473682452362 37
0.003022750080290848 33
0.0009593385558019918 41
0.028073277759602888 38
0.02583827085510393 34
0.015355475806160257 45
0.047074934240626476 41
0.0034865411762723397 38
0.007414282787920001 47
0.0028653267447396047 36
0.009385278027096433 33
0.01414004795528001 41
0.00362397834010153 45
0.052462336681273314 37
0.03882911662931576 41
0.004806455087404515 35
0.010842985286046769 45
0.013737364541910324 33
0.002010441431991694 43
0.017024783501270235 41
0.00031420741807153263 38
0.038991285434178735 36
0.012335621605004121 37
0.0015604650181302304 38
0.0029047325015056913 41
0.04521129655446998 45
0.0009019014495095234 33
0.02120843247118387 40
0.03240025626291754 41
0.014528330347602036 45
0.02329777636613528 36
0.010590019254323124 41
0.014080144180667276 41
0.014450512618282119 37
0.0026328250559117805 43
0.020142278915187717 33
0.00833058295229705 45
0.0009662267946026759 41
0.01906427190515103 34
0.013059729746984772 38
0.017305549965669798 38
0.01983058456424658 35
0.006291819325028314 41
0.014873121484114904 36
0.014226032353235496 45
0.027845440330750648 33
0.006989949483539704 37
0.0450532521564071 41
0.005607212414162177 40
0.01956589840608558 45
0.02902844521558734 41
0.00685296980061878 33
0.005740047401445736 36
0.00493479766157634 38
0.02367010289742666 43
0.009929625355354688 41
0.021646675219258782 45
0.017579372817593253 37
0.012733744526201463 38
0.00833694505826088 40
0.022665917268781755 41
0.01675923184799899 33
0.022537291078720045 45
0.0035085705118831356 35
0.00475535226928514 36
0.02819259985075462 41
0.035019826284781175 51
0.005708246742671008 38
0.0012218777545172088 45
8.381234393084469e-05 37
0.01630338932199038 41
0.021998716022750386 33
0.004824094905728771 43
0.027100162726185317 34
0.024834243421906876 41
0.0033555902410853378 36
0.015649731338342576 45
0.021381553336325965 41
0.0050052446390083105 38
0.009940861375184795 41
0.028541576339023322 33
0.019202919710224364 37
0.012541005552222373 45
0.014577026876779087 41
0.039846812236305595 38
0.015802523863584383 36
0.0033027390019242375 41
0.0002755944264691834 35
0.013376184780810263 33
0.007942080404589547 45
0.045329764362861624 43
0.004534542354647897 41
0.0022877824410301173 40
0.03962771717496594 37
0.02099212648761295 45
0.002784194518412164 33
0.011060200306459933 41
0.0027268715211192784 38
0.022380918767098024 36
0.03405837238197762 38
0.005719202755415154 41
0.03966937209840182 45
0.01569106565764855 37
0.009146722465203538 33
0.010629170046541958 41
0.004430640683125375 34
0.020154915787173877 34
0.002268808119396226 45
0.0058931328825195806 43
0.026849695457897838 36
0.014869400785016751 41
0.02520139498793128 35
0.003575968064239987 45
0.011070348727471924 47
0.0030418417479012305 33
0.0069512959657203055 38
0.005516112698373377 45
0.013728461935301084 41
0.013397183316627093 37
0.014904436479412198 38
0.02819628124532869 33
0.0027399002332799682 41
0.004122847538397423 36
0.01711666329137529 41
0.024375173554815888 45
0.021871778358800498 33
0.0032369371483582654 41
0.014169092619184198 43
0.03488868222586916 40
0.0011802228310813234 37
0.016751428152161907 45
0.009123555053804466 41
0.023205940870639097 38
0.00966256074661942 36
0.028234306305591872 33
0.01274409560927836 41
0.013691966958830903 45
0.016755027629287156 35
0.01345628559087686 38
0.013578987188395786 40
0.020634599074895732 41
0.014994929649375877 37
0.006610090646432809 33
0.014980164814829777 45
0.004699307430087174 34
0.008307271361033486 36
0.030714518771702615 41
0.005950445156031492 38
0.03356139904893496 43
0.0015087801554756197 41
0.027758220621990404 45
0.02993384835555446 33
0.011025513843634371 37
0.02128232433014432 41
0.009721979586771567 36
0.028252231225934565 45
0.010969827833818613 38
0.02290447283067465 41
0.007373044349776592 33
0.007725207170736326 40
0.0138009143084048 35
0.0005018438299941863 43
0.008194345188755392 38
0.00972653529831291 45
0.02754073621450459 41
0.012571557304170256 37
0.01075962650264728 41
0.01935444295534694 36
0.016541944883869064 41
0.003227043579244082 33
0.05045737451354171 45
0.049264512224567625 41
0.01684247404807593 45
0.004119376704011302 37
0.003670083230829846 41
0.0014255338808339957 38
0.005083799825428059 38
5.5735798753175914e-05 33
0.018918241928901125 36
0.041072968311922864 34
0.008533673009338827 41
0.02731272020987774 45
0.013722992915077725 43
0.020656976842374775 35
0.0038168889902863157 41
0.030629984363812923 33
0.003582323416665645 37
0.001795551656229577 45
0.030401614549660394 36
0.025261046948713783 41
0.017887957644646235 38
0.012232460358191588 40
0.012143255580653545 47
0.0001560034879446448 45
0.0025456389565050586 33
0.021161062057117874 41
0.008982915137053737 38
0.039270366924014866 43
0.0008120188584825883 36
0.0027867604355833464 41
0.024007120881393007 37
0.03452431475636786 45
0.008908166903324855 33
0.04685201066659772 41
0.00943739441180469 38
0.004846642838970183 45
0.009090315059282261 35
0.003135476289031658 41
0.02564210054366356 41
0.01257543366101288 36
0.013602657632844739 37
0.015270694850102018 33
0.0010870051439439976 41
0.014471560719243826 34
0.021667941139398295 45
0.03299985597408295 38
0.035027822510713236 41
0.0017042297467355638 43
0.008322037367179291 47
0.0035390505551333717 45
0.00977403234409735 33
0.010075801860637057 36
0.0017833885921589854 38
0.009692897575192205 41
0.0463275944310908 37
0.012221007413842244 40
0.0019848635565438144 40
0.004323250409399293 41
0.037907361823556585 45
0.027995750743698977 33
0.002476346723810252 41
0.0060079690049263945 35
0.009246089509645117 43
0.016088368932457797 36
0.014440373462491607 45
0.005032804314708983 37
0.016934411028614704 38
0.019807575125753374 41
0.01606050916041113 38
0.027446213646115325 33
0.006912065044389237 45
0.04732000092955957 41
0.022906362047109496 36
0.014160084087933456 41
0.002438950626853398 51
0.005984424002249966 37
0.006922097622322099 45
0.01374142226042352 33
0.026979384376872417 34
0.03638502203602911 41
0.005013516807608198 41
0.010680443634839776 38
0.017278414415031307 45
0.0008689660831464607 38
0.00668323364408252 41
0.007359774862820245 36
0.00910001988567899 35
0.01106622340961394 33
0.02095603297074433 43
0.013726694646251758 37
0.001334383557477281 40
0.01134814326324829 41
0.058878219713420776 45
0.01678050044576196 41
0.019492328889484156 33
0.004570837689442442 36
0.01620735021525377 45
0.0059384853215789235 43
0.007236860415133606 38
0.023505171854395712 41
0.019516733964735522 37
0.02720445715752362 34
0.00011282780947396986 41
0.010305144689510826 45
0.0047785063633227765 33
0.05066594616411635 38
0.004363937950245145 36
0.013311389535871854 41
0.012298280754123425 45
0.003998681280904748 35
0.03246307034163465 45
0.00815494106412018 37
0.00405544455217921 41
0.010298658750585332 33
0.0008264857762299016 38
0.04392328625334585 34
0.011122487644328771 45
0.02522565774093266 41
0.04269362184111003 36
0.002307083394612164 33
0.011537103855431496 41
0.00683593226168 40
0.012038272876907286 45
0.0008506148137428227 37
0.00212875728593076 38
0.036243886689348415 43
0.0005917951936282861 41
0.03594506702064848 41
0.011923492857889073 38
0.0069466935535729135 45
0.006741498203126639 36
0.008669611341417749 33
0.03539135577452157 41
0.001784976298566221 43
0.03180122697905574 35
0.0012488039245255322 37
0.007137720663308755 41
0.048056503025136976 45
0.015032139288209123 33
0.014178486146619207 41
0.022454758278144027 36
0.010694124328466614 45
0.01020866198531678 38
0.012690332238108226 38
0.009609260075336579 41
0.027708186058291062 40
0.011514249608026716 37
0.008508866793206948 33
0.008788205651342196 34
0.004097594790465564 45
0.04376808183779701 41
0.026458281138872053 36
0.024408591268326063 41
0.0009893377026344297 40
0.004419411706763299 45
0.01265182711712498 47
0.0062738260613173225 33
0.02148336912048876 35
0.005657333215083327 41
0.0032432982646923847 37
0.023671478905399113 38
0.022321342347225936 43
0.008499360966297331 45
0.006833549277956763 38
0.0031313145523199637 41
0.032975325295737434 36
0.03411972312861167 33
0.013731694309086606 41
0.00043091920808535633 43
0.018495137036211418 45
0.011565832719838909 41
0.026002779703432566 37
0.029744111901266024 41
0.000747483296407836 33
0.0022293150458239097 38
0.01093722703511446 36
0.026568225698056835 45
0.06030965563925861 41
0.009916707337396247 35
0.0029272980633834322 41
0.006304597604113837 45
0.0033315746872091268 38
0.010818113599754042 37
0.005892589059598663 33
0.033036332920616474 34
0.00791585704199349 36
0.0324228218248237 41
0.004857256856411141 45
0.014802480234322957 40
0.018143804061097057 38
0.017019056007669064 41
0.03411066440516208 33
0.010788625173418609 37
0.008308017390419309 45
0.021673738649170105 41
0.010079801027487179 36
0.03847282329999757 43
0.01065652806086348 41
0.01053097831017169 33
0.004109834241916133 45
0.037001055207355193 38
0.007927967156348359 43
0.0016499544456962667 41
0.001797205211119035 35
0.016022447837499953 38
0.031213422638160182 37
0.0005803042078866838 45
0.018963028636306944 36
0.004294000114072105 41
0.06161329618632294 33
0.004319066676274019 41
0.009952190917232429 41
0.04808366663519337 45
0.010121977591495579 37
0.00206852783273348 33
0.0012077834932568976 41
0.009418783561613964 34
0.014411556319828378 36
0.014409591303973457 38
0.0019150708797468496 45
0.008788780535724072 38
0.020074796882511237 40
0.06179530719714421 41
0.0071479312429687525 33
0.0012831245365561017 45
0.01321661622877457 41
0.013159128405135334 35
0.013840418112124553 37
0.0300102002306204 36
0.02120338370718855 41
0.007009015517709827 40
0.002722569743269787 45
0.015694118124429224 43
0.00880369215775545 38
0.014793583726316228 33
0.04063873435487153 41
0.016789496149002048 43
0.00027969248243664424 38
0.007234071705738643 45
0.004863763745163396 37
0.0004206045394425928 36
0.04907025130354725 41
0.021156111673121814 33
0.016977083771095636 41
0.05124296703938569 45
0.0020063121661735295 38
0.024783278011881293 41
0.0043857131398539195 35
0.004112890621783549 36
0.009425841583222905 37
0.0006600335923820921 33
0.0031048505834121443 34
0.016550445974516492 45
0.00720330946961667 40
0.00012756832511229277 41
0.028802910745625354 51
0.04129588390591721 41
0.0032673124726869673 41
0.002474455844620138 38
0.01716086078070589 45
0.013442566311937298 47
0.022413391432962726 33
0.011467776133741836 36
0.0016217688550028697 41
0.003566509760048575 37
0.014396372936673174 34
0.015652640527022754 38
0.03498907089792169 45
0.02998266746315892 41
0.00013373079647749364 33
0.02666194801582833 43
0.007954469564708688 45
0.005493547136495636 45
0.01812181955742176 41
0.0008572533320148068 36
0.01737086690552303 43
0.0038380791181538143 35
0.030038344063541444 37
0.019332757418141 41
0.004287382098212333 38
0.00038183710860550946 33
0.017173638644649714 45
0.0290507477070463 38
0.047711415248599565 41
0.005786085137785335 36
0.016728862590284166 45
0.0056681779432921076 41
0.00285972805130541 40
0.006773461433724037 37
0.0019562441412261933 34
0.052968751407107106 33
0.012766661171170313 41
0.04999991781633639 45
0.007459783989162361 38
0.007074647963108305 41
0.0038204356596480693 36
0.02450311874085287 33
0.0061421074840097845 38
0.0007218750849773414 49
0.0048319711201401105 45
0.0008224455253156293 37
0.014263423239697204 35
0.008046338158905542 41
0.07022636297666907 41
0.0015313457173675715 41
0.0030012099585974283 45
0.024765271875168082 33
0.007366416103153028 43
0.030881530746384556 36
0.0026805885759841885 43
0.014131179728749999 41
0.0013028634054563781 38
0.015592826344601463 37
0.03736952122702064 45
0.0018299722708405852 33
0.051463647309063276 41
0.00905874593117062 38
0.0057314461052158094 45
0.0038403535628788177 36
0.0001321700683263316 33
0.018539665356215096 41
0.014257841982825425 40
0.021202785853304817 40
0.003461047691828867 37
0.002021922476970417 34
0.0025505993978782726 35
0.00819250021763196 33
0.01979155402503352 41
0.015930589421600416 45
0.03450421953003513 38
0.025617072059972656 41
0.02367000572647271 36
0.006384257025786155 45
0.014555028164437545 33
0.022340180273801025 41
0.001981759882056622 37
0.04320715209865966 47
0.002697270722137546 38
0.008556238571230779 41
0.04075256829420937 45
0.005897860885710315 33
0.002106439413381622 36
0.01291325581212277 38
0.025203207588106125 41
0.0032760492545236275 41
0.009572505490041294 43
0.007834350602578866 45
0.015020317396704286 43
0.009319932644714868 37
0.0008235621675822813 41
0.04212271675105228 35
0.02460100717546254 33
0.0026790768825577516 45
0.014569900465673413 41
0.01684125230345046 36
0.03881521020754519 40
0.008677707905761167 41
0.0046904663175695305 38
0.013448272655537608 38
0.002429870534555789 45
0.00014863394994790724 37
0.007188799608471186 34
0.03364261200481167 33
0.04415949615685122 41
0.012152474483457354 36
0.013914392336360493 45
0.015987917518273775 41
0.014233305506763827 47
0.03759134444651124 33
0.002413795505106009 37
0.012390223950674795 41
0.0031909074744049803 35
0.01468754019857954 45
0.03995769135300975 38
0.0035227288713457483 41
0.02033596620690048 36
0.005574924090552713 33
0.01564303601770689 38
0.025149707790149023 45
0.024226451469800736 41
0.003434234664311475 43
0.008491768418920742 43
0.0340739084236219 37
0.004345815971305456 41
0.013150351160149398 45
0.015616157431082911 33
0.011170315619494886 36
0.007576995159524813 40
0.006593117993546116 38
0.011773609641565486 41
0.03384133973273151 41
0.03638502324393755 45
0.0013285618425697976 41
0.0031637797919188415 34
0.00664129755016063 37
0.012823246549103828 33
0.021542178380499877 35
0.017202856139448386 38
0.0006349432404562094 36
0.0068894994824972855 45
0.07022636297665485 41
0.003224236082786547 41
0.0015468751550713478 38
0.017834913041085088 33
0.02045256741369883 45
0.027167771284027253 37
0.0220651529682101 41
0.022326478002682393 36
0.007709917069476546 40
0.016533398227352336 45
0.0015914167089334796 33
0.03480449417854459 41
0.02676001488117663 49
0.008661853916947848 38
0.002566790004365771 41
0.00880391882077447 43
2.7769948971467784e-05 45
0.013416721026558776 37
0.002026915624924186 38
0.00868143209125094 43
0.016131201142542295 35
0.005499378935539312 36
0.005118290725988572 40
0.007953944655739065 33
0.025346601206820196 41
0.015519631379760312 51
0.029360130390088557 45
0.0375810143876123 41
0.00590752091082436 34
0.006476193533799801 34
0.0059451615418879555 37
0.014316472602530439 33
0.00013539337136592167 41
0.010882588002544935 45
0.010457954731549535 36
0.02493022741310824 41
0.009915252020391563 38
0.01390494743770887 51
0.007403591028520395 41
0.022227326104271583 38
0.0003880229055965856 45
0.019528422388930267 45
0.020679000549336024 33
0.018304615913720568 41
0.022302961151368095 37
0.006482632234849461 36
0.012036231594294122 35
0.011099922082422609 45
0.04318483448054167 41
0.024812292755939325 33
0.0022292357401880736 38
0.018395601679003448 41
0.03273788983659642 45
0.005737374456245448 43
0.013154749036004887 37
0.00017155774841626226 40
2.9190220402597333e-05 36
0.02346903597398864 41
0.0025545087430884905 38
0.010798761816658953 43
0.011068818906693423 33
0.02233523753622535 45
0.07022636297665485 41
0.007160286225214918 41
0.008261859552433748 45
0.003939582200047198 34
0.005849025075633563 38
0.004349652417445782 37
0.0008993731161694996 36
0.02819709249608593 33
0.011569491893638428 35
0.036655809986640975 41
0.03357055299001388 45
0.009073205938562978 41
0.015024044701576145 47
0.01543723027931776 33
0.015191000933000964 38
0.004424519309495167 41
0.004627001949515375 36
0.0023743306366270645 37
0.004075029228573612 45
0.04095269169559401 41
0.029273671281060842 38
0.01773472269334775 41
0.007685771839518907 33
0.04480586844380241 45
0.012670739444089918 41
0.005842494432371836 40
0.010960596173703152 36
0.0026430601427591682 43
0.022799128101368638 37
0.015307514571816228 45
2.8301105459149767e-06 35
0.011372194746556374 41
0.013832779262031636 33
0.030394951856322905 43
0.006943729548581246 38
0.007682707563176905 38
0.014185179079063914 41
0.033917650488561435 45
0.007882925035119115 36
0.0015963646307568524 40
0.012644243743153538 34
0.00045677727440818217 41
0.004552889525342607 37
0.03867103604075339 33
0.026545660136150673 45
0.06887350182961427 41
0.0013528611470547958 33
0.002949863625275384 41
0.004516198656872916 45
0.006442193872572943 36
0.02511477117781169 38
0.031203335644136132 37
0.0014390078337100931 41
0.010124823838836505 38
0.020881555714154842 35
0.030065586496107244 45
0.00771538909384617 33
0.017748664622800447 41
0.007793562234198248 41
0.01151343111632741 40
0.024885253174829813 36
0.008285451828498935 45
0.007362914414017041 41
0.0004512541707129003 37
0.02768505128788945 43
0.02064922606341213 38
0.014077917040637544 33
0.02121007193292712 41
0.003176331367143348 45
0.04225885036443344 43
0.003581109312165154 36
0.017504452779164126 41
0.012011276933534987 38
0.01641343475944268 34
0.003856753517069933 37
0.0009196777051414529 33
0.019520767282301676 45
0.023130493455639112 41
0.03395969013486422 35
0.013136179386151525 38
0.009974756479138591 41
0.01603372989988827 45
0.01741490366339349 36
0.026802972934248714 33
0.014269051553611689 41
0.02520122868695296 37
0.030756082736090207 45
0.03356989772464658 41
0.0034909643709823968 38
0.001352852174278496 33
0.017184367800282985 40
0.013367721931814458 36
0.00126055897466415 45
0.008454784331732412 41
0.04438051728001824 38
0.0035455684841991797 37
0.013845492880705024 43
0.028234964786776118 41
0.002463369362061485 45
0.003998821089894022 33
0.01630105513108049 35
0.01922815260684274 41
0.014961314784713409 41
0.00860651780685373 36
0.03416265595666346 43
0.01249587442843847 45
0.0014493401919111193 41
0.01972584850130943 34
0.0031606175088114696 37
0.005709941847598543 33
0.019589594620470052 38
0.020591020306568453 38
0.016999649332973377 41
0.027551261142903627 45
0.02567545250077785 36
0.00215849435883797 41
0.015814783896388462 47
0.028521894839201423 33
0.013246265656931655 45
0.010484924225295345 37
0.04626381702183835 41
0.005021384660977901 35
0.00035151008472666945 40
0.015943166467081937 38
0.0026464847420442084 40
0.003914143190385744 41
0.0018501906888133135 36
0.005846416429236001 45
0.0540900373071338 33
0.004272962544632719 38
0.0002526128164674901 34
0.028081325832829407 41
0.006639882797685459 37
0.0005386490101102481 43
0.03496650533602974 45
0.005248222361643684 41
0.028255516519919865 33
0.03125164252050183 36
0.005470981574589473 45
0.003001312508757792 41
0.0002582212925545946 38
0.019489728081751423 45
0.02086005176471417 43
0.02303826224319039 34
0.0024644815005387954 37
0.001114305585161901 33
0.014021393140154714 41
0.01000314904668187 41
0.03380593661808007 45
0.0052628557678247034 35
0.0071330284039134995 36
0.011539869584368034 41
0.03074903019178521 38
0.011231166172137819 51
0.009229463496424728 45
0.007476833531953275 33
0.02459227622665594 41
0.010395186745768115 38
0.029169226123286762 37
0.006069673880944038 40
0.012789226733048054 41
0.009667340554216253 45
0.0339304342106459 36
0.01383936147874465 33
0.04228475049450253 41
0.027941612482166533 45
0.0033273500539081624 41
0.00973419711118595 37
0.014543767364727955 43
0.01857792541473202 38
0.0038412336065647423 38
0.002021689427323281 33
0.017350977609567053 36
0.0008292223886599004 35
0.0015539112792595233 41
0.06867245169739533 45
0.015542924126975777 41
0.006387767047556281 34
0.009118743866167733 43
0.010844165071347334 45
0.0017683454922803321 37
0.026564417372327398 33
0.011409395692950852 41
0.049135563109189206 36
0.002943819534706904 45
0.004285425325605274 47
0.0024521593142168285 38
0.03729941765752187 41
0.006371341817768439 33
0.00360017941187607 38
0.022955424089502685 41
0.006801813531950529 41
0.0034316736615664922 40
0.009580632393380029 37
0.021184871797217397 45
0.029227371592540408 36
0.010737439394432613 41
0.020199450316283674 35
0.018372753637635242 33
0.020916719628303326 45
0.01913880440368132 41
0.029660932847974664 38
0.012828511424672229 37
0.008598114300340853 43
0.00036222409863739813 41
0.008216580034471122 36
0.015995557630816393 45
0.03516184265683364 33
0.010490158555910511 38
0.03807432789454879 41
0.01962856968827964 45
0.012523465393826427 34
0.008947638889807763 41
0.008191985443303906 40
0.0010722094840218688 37
0.0029002866488951895 33
0.008839699323772265 43
0.010777948331764264 36
0.026840083534423798 38
0.0026565113206657998 45
0.022304101177525126 41
0.04316604457824269 35
0.004756217220887038 47
0.011849305870342164 41
0.007823995074531354 33
0.0071657114959009505 40
0.028866861950490375 45
0.003835541089728167 37
0.010684947495676056 36
0.005575286389557732 41
0.022356654719104085 38
0.028402595093538707 33
0.005986195637277092 45
0.007905631137191449 38
0.005486777923522368 41
0.004807343733972402 33
0.059932241319160084 41
0.015603696986971727 41
0.003300951208530023 45
0.005141113277232989 36
0.015922825738144297 37
0.029382025742521023 43
0.0008757500232547955 33
0.03387076296061764 41
0.011228457787808566 35
0.02512714222824286 45
0.013685332580692489 41
0.007955398754319276 38
0.00799577672702867 38
0.01885773582463912 34
0.014117767644194146 36
0.00037607347573498373 37
0.0072382779700603805 33
0.004368381533168986 41
0.0159251682243422 45
0.04993281321914367 43
0.032544788357768084 41
0.0013191169368553801 40
0.022761651765179636 45
0.013600805916851755 33
0.007857476601202507 41
0.02309442201114109 36
0.00432439768626125 37
0.028083132757458884 38
0.006866933920605334 45
0.005908145259994058 41
0.03179803102048595 34
0.007731248463215934 38
0.004825604369301573 35
0.01996333386367155 33
0.022628589840820723 41
0.014818482451531167 45
0.03207107637810225 36
0.0007082143062007162 37
0.01830892574544407 41
0.025234741659076576 43
0.0003568337616854933 41
0.00822361243605485 33
0.004743146414227795 45
0.01335910296016607 38
0.06703666798354391 41
0.0031896949931109475 36
0.001570118541252441 41
0.009823155845793963 34
0.026144698832382574 45
0.0003200625325234796 33
0.015913585474010006 37
0.016454741750706603 38
0.019474979049007857 41
0.021413819099478815 43
0.004527477622204401 45
0.011587810756111594 40
0.0132222764498664 35
0.008231860757717868 41
0.01816803994033478 38
0.004775544574556534 36
0.0009646776834983939 33
0.03808624002054728 34
0.00015795893324366261 41
0.006039963900178691 45
0.0640284401432325 37
0.020541762521673945 41
0.004271154804143862 40
0.004840565368880334 33
0.017073007846207133 45
0.009263005848325179 45
0.013847569782186042 36
0.00038929680525257027 38
0.029822824475616017 41
0.0149413484159453 38
0.014384833564562882 37
0.007726620800553974 45
0.003350735719990894 43
0.018450389379012222 41
0.05012035893086875 33
0.0016556146667738858 35
0.015352729103739193 41
0.0030654381371562067 36
0.02531192475620969 45
0.026496270979549763 34
0.006566850174863248 41
0.005521011257371811 41
0.0010161985407961538 33
0.034809631029304455 37
0.0035000971911784973 45
0.006873974990085685 38
0.011938599793069216 40
0.015676148140201462 41
0.0029802602003030643 38
0.026285916454412472 43
0.01361310938112581 36
0.011670928800626257 47
0.005725333485415263 41
0.0014575183016773963 33
0.021073532226211 45
0.023413926017838094 51
0.018556052945513102 37
0.03667837554854714 41
0.032910792966731606 45
0.0006371944613761116 33
0.0027783889347432478 41
0.0015271685746967023 38
0.0056054896068786775 36
0.05626285219365457 35
0.0040524636666816605 45
0.02001019711264007 41
0.011731395973043846 37
0.01347437270555929 38
0.018010674777258373 43
0.006999722408167486 33
0.025443060094758607 41
0.008452093105859149 45
0.03633120977605131 36
0.015663702476288677 41
0.008705650176338509 34
0.03056923120355748 38
0.0019255287655113307 45
0.001712334549068828 33
0.011649915805890032 37
0.0009328876198395619 41
0.06255186127194179 40
0.006741614084873504 36
0.014207744640970077 41
0.003630092991016909 45
0.003639871267438366 43
0.018338687022449562 35
0.007990642109263035 41
0.002694546643766671 38
0.019724778301764445 33
0.02691633425224893 41
0.016786934150147204 37
0.002257047968143411 45
0.02426604660612952 38
0.02284798160629009 41
0.021291075121808944 36
0.02608730624855582 33
0.002972429187167336 41
0.06251015512320635 45
0.004743778666281173 37
0.02355630432580824 41
0.008911648622813573 43
0.005308575832685847 45
0.014661048516174446 33
0.011434905679109875 36
0.0036787971118315 38
0.0026750828882455835 38
0.033044370682503654 41
0.024779305249651884 35
0.004139800777878122 34
0.008262886266635405 45
0.013804375032734129 41
0.017609625801767947 40
0.0007218853190238406 33
0.0016865852383034508 40
0.03640389158482549 37
0.011800810011976637 41
0.009431827482842436 36
0.04899372548183578 45
0.017019266923483656 41
0.00189661390618312 43
0.006135592058058137 38
0.025676688368534428 33
0.019498201720395514 45
0.0021623584733276857 41
0.007549206472077685 37
0.03167884075776328 38
0.028835957273500412 36
0.002839578692217515 41
0.007157743348813028 41
0.008691622899888785 45
0.02592208752467684 33
0.025615330511072898 35
0.0394928458024566 41
0.0010139987450941135 45
0.0002217639839017238 38
0.029497754445202418 37
0.0007536384176773936 41
0.001143004442695883 36
0.010429774133740466 43
0.056661952569783125 33
0.0012379934127579872 45
0.025777009890873614 41
0.0008988525547977133 38
0.0030814239656962172 40
0.04046907656530152 34
0.005963889047322368 41
0.0031046065656141764 33
0.019189034735745736 37
0.002085703760172919 45
0.03175457415659366 36
0.008128554711220204 38
0.0516407225963178 41
0.0045369716523566694 47
0.0015753598614196562 35
0.012074669967091722 45
0.000398638899469006 33
0.016200696214966115 41
0.03143404945609518 43
0.012298084128971709 37
0.01029353317662185 36
0.01702221489489375 41
0.024820239941433897 45
0.021622741294066827 38
0.006761166846274591 33
0.013462409006677944 41
0.03305532964962765 38
0.02370862432036347 45
0.008569504479055468 41
0.007405128273461514 49
0.0033214297620105526 37
0.016793061924687436 36
0.014374219932378196 41
0.006639323811981512 43
0.013123694793080176 33
0.005786899441091009 41
0.033760450417474885 45
0.024985508870116746 40
0.003211497303084343 34
0.002482006944887871 35
0.001690896890565341 41
0.03336247583401075 34
0.00022905047795518385 38
0.013603235003188274 45
0.0018544820310779642 36
0.0038007425738726397 33
0.003367016971111525 37
0.012318463194873175 38
0.06477794696397154 41
0.005448416012697521 45
0.019967084303814886 41
0.024410527986191255 45
0.025848750686662925 33
0.008248890920228291 41
0.007133234586220283 36
0.0074986443856914775 43
0.001166337856602695 37
0.032597228693731495 45
0.013582026534180613 38
0.038015084343200556 41
0.005714925442177332 33
0.009812621724790915 40
0.01668373146648605 45
0.0037469817505950687 41
0.0053376730876095735 38
0.028753831773201455 35
0.023608533338887128 36
0.008779343026375841 37
0.012811792294954216 41
0.015991890611218196 45
0.0028488734902225588 43
0.0207662808750797 33
0.017807525705194394 40
0.008008937183689113 41
0.03429837887267695 38
0.0015435542900519295 45
0.0235772119561517 34
0.0019105878836569445 36
0.0008876927904282184 41
0.025290028449603597 41
0.004496878582145314 33
0.002642346509404092 37
0.03779710943550185 47
0.001576476841165686 41
0.018235949854897626 45
0.05041393628060575 38
0.018927500502812222 41
0.0017238161184707224 33
0.006139998395809698 35
0.0028085858845088296 36
0.0014720997009902703 38
0.03728115648728192 45
0.0018732058867954038 37
0.014223868250496707 41
0.00033968654744853666 51
0.046003969566072556 43
0.009658838612637055 45
0.012564972556006637 41
0.04381593815226381 33
0.013845452268384406 36
0.019836685148803213 41
0.016041186492714132 45
0.0008151725298404244 38
0.01449782044812764 37
0.01409946006489804 38
0.004936038292271405 40
0.006202444609215263 41
0.0009415768315363948 33
0.04218818746949182 43
0.020894154066425585 45
0.0157441434227934 41
4.033740282238796e-05 36
0.01643349757875967 34
0.037848301234703285 35
0.00016008333759032212 33
0.005032931252827666 41
0.0035684384421870163 37
0.06162499328164017 45
0.0025554653607287037 41
0.029806387595854744 38
0.005735040499857291 41
0.0066291175601520536 45
0.0006077280973642019 47
0.006609577473014383 36
0.011760435105315992 38
0.0065226112843674855 33
0.04359918131098084 41
0.02399323590691438 37
0.002633945758773848 45
0.013744984089427703 41
0.04359623965605408 43
0.012885139231187281 33
0.004696971828465735 41
0.019449457250146907 36
0.0027151489240395676 38
0.016923062184815763 45
0.026441722789186883 35
0.007935449120623161 41
0.004003619271813363 40
0.039039627406239674 37
0.0047320271532811375 33
0.0006463788121351399 43
0.011651659768347145 45
0.0022176014442152336 38
0.03428656751965775 41
0.023657886761824898 36
0.012281908695186416 34
0.01562626254886368 41
0.028989905303021146 45
0.0011212249446259648 33
0.004767925654050487 38
0.004818814966682794 37
0.014902229559424995 40
0.045121786310289735 41
0.0187543769005174 45
0.006350199765847719 36
0.03825363990509345 41
0.017097662065467034 33
0.01487506100609437 35
0.004390947095089359 41
0.00945689640616365 45
0.004997362030792374 38
0.04676619317154973 37
0.001716957810813824 41
0.0028980064622601276 38
0.012926413380924373 41
0.010312982544405713 43
0.00865171603295778 36
0.0019953588982133397 33
0.03633989212015365 45
0.02080693653353194 41
0.03660451905665241 40
0.005970539027771338 37
0.006844368358713382 45
0.02552858401148228 41
0.008522477475040091 33
0.01877793012998552 43
0.017397371360146963 36
0.01869295725563802 41
0.003958198147088865 38
0.007226909357953559 45
3.5223686026597534e-05 34
0.026082763838957135 38
0.010921911468003032 33
0.0033083992229876458 35
0.019166056064705117 41
0.003831148514478855 33
0.0027541380924844816 49
0.0263953364924987 37
0.018079683812501912 45
0.012192224331030843 41
0.05803413864563822 36
0.011415839948924145 41
0.0013876881689753873 45
0.027480392855636637 33
0.01692033496109957 38
0.007113336795143255 51
0.005908770246875861 37
0.04091136371036441 41
0.0008704563118442366 45
0.004196913369952426 36
0.02424762958449378 38
0.0064410001711223686 41
0.0056668425012986745 33
0.014591388852196019 43
0.0069791924218236545 34
0.03654793903022835 40
0.00018052449514982527 41
0.008077738064940831 45
0.020376318913832847 35
0.004022898337325387 41
0.029217404880171216 37
0.008351478285248959 38
7.847222430257261e-05 41
0.0010665805124006056 33
0.011246347284370017 36
0.017284648235488476 43
0.03375799278683189 45
0.006792321933261292 45
0.001811675239878241 41
0.05735989677813791 34
0.002872606319613169 45
0.0018981289165367343 38
0.006284055722488802 33
0.0009973668927329982 41
0.029737281535162197 37
0.03949171454877387 36
0.0132394854326634 41
0.0052012473701239514 38
0.019370566634080433 45
0.019768479870506894 47
0.012646583669280176 33
0.01982492434318317 41
0.01973869260768879 35
0.008372639613355659 37
0.012387987554845381 45
0.009902118857596065 36
0.04654991135933528 41
0.0046673400012480215 40
0.015701005688512737 33
0.003308105927558813 40
0.007205417348998822 41
0.0006778429574296752 45
0.0034060116574750054 38
0.023541177186643836 43
0.03539591382610752 38
0.007903504032356068 41
0.011783972801225673 37
0.01701346427685735 36
0.008153782303352841 45
0.016103378118529577 33
0.009268261444347559 43
0.0439716486957451 41
0.01791247852520428 34
0.004312337650929976 41
0.004029898104789709 45
0.03139158612626147 41
0.007100609340710662 35
0.007977558623494474 33
0.002807318434278727 37
0.007144340343700151 36
0.013804950108209368 38
0.02394870525188253 41
0.0015169204047538187 38
0.04476073732001851 45
0.03212966752019497 41
0.022831481897895856 33
0.015265213558578239 45
0.008640305239268287 41
0.0061693359326682184 36
0.044611757600307556 37
0.010804964204425005 40
0.00019135248767554458 41
0.0075946611219990245 51
0.006444296593173249 38
0.011536829370541568 45
0.04445922340326547 33
0.010470701255400172 41
0.02775919967504592 43
0.0017842492669046806 36
0.002944097712003213 38
0.0007675860549340996 35
0.009650057265787382 45
0.016850471746579387 37
0.019404611626598012 41
0.01989382844028853 33
0.030927922909782524 43
0.0029949947490592876 41
0.01291026442588361 45
0.013471718152629819 34
0.03844251929405118 38
0.0024068663550451674 36
0.013042083679778216 41
0.008673694631767148 33
0.01077474019893998 37
0.03773584446616951 45
0.02490730999127777 41
0.031172285151541246 41
0.0059064471291208065 38
0.008240320704715032 45
0.006679555733001052 41
0.020503173603131586 33
0.023785211709338228 36
0.0035569686469756334 38
0.005757118677252038 35
0.009944334606956318 37
0.0020665232085121943 41
0.01918867984819883 40
0.04897115991995804 45
0.0003170277862096782 41
0.050433699031941615 33
0.006021598209159151 45
0.013454037949358622 36
0.00965213054686842 41
0.018969784904285802 43
0.035558947364904725 37
0.006045500160595907 33
0.0019186771116181944 41
0.0004138646750817543 38
0.007687345816222546 38
0.007618890998529082 45
0.04042645402935818 43
0.012161130345845095 34
0.016135557741833395 41
0.023379853622529367 36
0.01830292350490481 45
0.008273236606271439 33
0.0010965940337541724 35
0.0030381974673758805 37
0.008286017704293158 41
0.06072491742149566 40
0.0012154278508802463 45
0.023923505504598097 41
0.0069730823525446795 38
0.014828565575840003 47
0.005730653489479209 36
0.018770556054192866 33
0.014938010621406761 41
0.003046111435665466 40
0.010295973853487794 38
0.00724795668020306 45
0.022628803147526355 37
0.012069507238365418 41
0.045093278975684825 41
0.012682340696329675 33
0.012450743304654566 45
0.00508838614750573 41
0.040426083074976304 36
0.02471189375418703 38
0.0038679396722329784 41
0.003563930609715271 37
0.0014016895564168408 35
0.00821122061839219 43
0.02168597057210775 45
0.027474729083806437 33
0.004020882863983388 43
0.029998843110007556 41
0.004050723892532915 34
0.0006284148361430653 38
0.011862322379528223 36
0.023686058758443096 45
0.032368223082073655 41
0.010065966648312497 33
0.024671243210008242 37
0.003120930036260461 38
0.005809465002997172 41
0.053282502294209166 45
0.005175610232669214 34
0.005958785446793513 36
0.02600569513528228 41
0.0018038028990332577 33
0.00749549073010769 40
0.03492137421224584 45
0.010774076811841837 41
0.008224455253213137 37
0.03111647988295374 35
0.014685500577840571 38
0.005425850450805569 45
0.018470033681623477 41
0.0011731335068674298 38
0.003987643055893386 33
0.013043824561947304 36
0.03355172817032326 45
0.02118003850864625 41
0.00288963480198845 41
0.0252706535593461 45
0.020886036106688266 37
0.00801498912986176 41
0.005265650111823561 43
0.03126517940556539 33
0.008674587288297175 43
0.0003447911365270784 36
0.0166611659045941 45
0.0013697287454590423 41
0.0005627248437463095 47
0.03812854381030206 34
0.026119459493955333 38
0.004045906083192108 38
0.006918111294879736 41
0.005916246561952221 33
0.004845856094618739 45
0.012884979896696791 37
0.03966116912850737 35
0.012583638650070839 41
0.028097346797167688 36
0.0016488961710479089 40
0.02789648135838263 45
0.0005555833480883621 41
0.055690880661501296 33
0.005405497107815904 37
0.008574401859263503 38
0.001599042403043427 41
0.04057419193819101 45
0.02224618403671741 36
0.005806944598703012 33
0.012019538862261925 41
0.007860602473897416 38
0.011214424828324354 40
0.03913179681217116 45
0.024586351091073766 41
0.017545504540166235 37
0.01592503479993468 35
0.002533199494749283 33
0.009636273050730892 45
0.0015364670557573845 41
0.005659951365601046 36
0.005820143437290426 43
0.009869595323166891 38
0.021206269863270677 43
0.01033715721057149 34
0.01579677872101115 41
0.019859250710695164 41
0.03183511177367393 45
0.011458238664829423 33
0.007073761827470548 37
0.02808498380773017 41
0.003041078939190811 38
0.018228711725214453 36
0.0041976983879976615 45
0.01667389011652176 40
0.02398187627741777 41
0.010625649299129236 47
0.010724308961016504 38
0.024894528439091346 33
0.008623935256906634 41
0.02286855297376178 45
0.02220602918367831 37
0.007017141023766271 35
0.00951070453855607 36
0.0381194590183469 41
0.000849847572425233 45
0.017415893110751313 33
0.013841163275145618 51
0.04415042875319841 41
0.01204806054121832 38
0.011416493485342016 38
0.0024437555090344176 45
0.00016762468786168938 37
0.020078891152621736 41
0.012527887491359024 36
0.037619584332674094 33
0.0012264957163807821 41
0.005151351996460107 43
0.00964818981144333 43
0.010858106040274151 34
0.043342219412110694 45
0.026244250697175175 41
0.012154374673102097 33
0.011269861473522269 37
0.006711180482184886 36
0.008885511871440599 45
0.0011587810756168437 35
0.0038024027036271946 40
0.007563090035660025 41
0.00988967699032628 38
0.04276310667266614 41
0.01001048927800241 38
0.01564882811075563 41
0.00423289463961396 45
0.050344640226285264 33
0.00673851245176138 41
0.0022932071065469017 37
0.03611263231390183 36
0.025082011104444746 45
0.013519194803592427 41
0.015634858949965746 33
0.04107230922311089 38
0.0044135126569671 41
0.03420780259251899 45
0.006683447260400044 36
0.024921600466782934 37
0.0060549556674516225 41
0.0005505223363968526 38
0.0005511888529383668 35
0.026752369561620526 33
0.015884160809193304 45
0.008392813752536199 43
0.012040351996517984 34
0.005559277004323349 41
0.04518574046713297 43
0.012659542708377103 38
0.004806350760830469 45
0.002015452035990961 36
0.0007941389099954677 41
0.008274945799300326 33
0.004575564882060235 40
0.017829615376655283 37
0.038752098008657754 40
0.022673720964618838 41
0.0419842529752259 45
0.005568389036824328 33
0.022120400612919866 41
0.005453743042238557 38
0.023128169117825337 36
0.0014669319530611347 41
4.1654923435885394e-05 45
0.018015463327174075 37
0.0021096182126854046 41
0.016062521574255584 38
0.040123306206112375 35
0.011930916983601492 33
0.011438405510830307 41
0.04572533383552013 45
0.013062623630318626 36
0.020550786730964887 41
0.020383142541305688 37
0.010998988773991414 45
0.018293444930407077 33
0.021258340093098127 41
0.002442241837471215 34
0.004432953831582154 38
0.001986085697183171 43
0.008066224099039232 34
0.032040517418280956 38
0.00020309005702756622 41
0.004537616238792452 45
0.011786265765039161 43
0.005413600061331181 36
0.023629817977266043 40
0.013546646689647446 33
0.011109326187551005 37
0.029698613818482045 41
4.018775155145704e-05 45
0.04048756140662135 35
0.009915228569255419 41
0.007151936128451553 45
0.022140697454958058 47
0.006083683495816672 33
0.0008250221035694949 38
0.013077569827856905 36
0.011032225396760964 45
0.027456923870573746 41
0.026794366633268396 37
0.015975072472826923 38
0.013833800485997472 41
0.004629497878681832 33
0.01438203584118014 45
0.03738102877079541 33
0.0054798004665599365 41
0.008245695076794846 36
0.03423332658276479 41
0.018064351802578926 45
0.0008593354376671414 37
0.003343853610289216 38
0.02648280625908228 41
0.014822657094043734 33
0.02892089962354305 35
0.0020532319385466735 41
0.004420642358184068 34
0.0007541086141600317 43
0.027584076624208365 45
0.0002573366226243934 40
0.035156966818945534 36
9.03724726413202e-05 41
0.0038317631146611575 38
0.016198142724960007 43
0.014242782697905909 33
0.002360445662148436 37
0.033502856304338025 45
0.018247110107608933 41
0.046411881741292405 38
0.0015600385848557607 36
0.004007332542897757 45
0.01375775036547111 41
0.056468612611197955 33
0.0027029480916525017 41
0.02278524312689001 37
0.027383933917661807 45
0.017354237840464748 35
0.007395222418665526 41
0.008760594999444038 33
0.007866407145300514 38
0.015815849262068582 36
0.003230314774384624 38
0.011915326380091074 40
0.015242647996700498 45
0.041269198149791464 41
0.02895716482686339 37
0.0010326944718883624 41
0.013220181292865618 33
0.029960329629659554 45
0.0027618358959387024 34
0.0007085056576556781 41
0.0059282733065799675 40
0.0014287555533769591 36
0.015185787168690013 43
0.04374839952619425 41
0.01768063801721098 45
0.0034674919583466135 38
0.005329833474917223 33
0.0031035648787991477 41
0.006505520352462213 43
0.022612177132316447 37
0.032217524555733235 38
0.005787576057358024 35
0.0030175603109512394 41
0.009957492658145384 45
0.045558948585835424 36
0.011692361421722808 33
0.03251308407239151 41
0.015662251216994605 45
0.022051027687268743 37
0.012793638284620101 41
0.02977101037566854 38
0.009606824947866244 36
0.009837134225676891 33
0.00821775514283729 45
0.042352683938702285 41
0.005934023370329555 51
0.021939655667637226 38
0.01651522237085601 41
0.004762546247746968 37
0.02453117704274632 45
0.014746088699553184 33
0.009671328615752373 40
0.00192788137479738 41
0.0038512043509371097 36
0.01036773014786263 35
0.017234098468932757 34
0.0010036876599883726 43
0.016388690377510784 38
0.01945307059662582 45
0.039446417714572135 41
0.0063786443725888375 33
0.009256410341848209 49
0.015144890547659884 37
0.002284994170281607 41
0.007713229890413231 43
4.4229104119608564e-05 41
0.02147502390116074 45
0.0328346751885249 36
0.005874210722168982 38
0.010152453117967752 41
0.022931436649784587 47
0.006454087158488164 33
0.016437588794161684 45
0.014250797256252667 38
0.02342135951047908 41
0.0376857132466597 37
0.00792642793054199 36
0.0011928622889740836 45
0.017345747508827003 41
0.009375614312133962 35
0.04350500115569389 33
0.028302661472466184 41
0.03368494809615186 45
0.008238753408051025 37
0.003200158797156405 41
0.004140007664489076 40
0.0028510677616679914 38
0.010167599650856118 38
0.00011147159749214097 33
0.03732787976223051 36
0.0005086040955717408 45
0.011919573647205084 34
0.011721252877094912 41
0.05850511009955994 43
0.013996305927378216 41
0.0030710400912994373 33
0.013260150631396073 45
0.01973240451276581 37
0.004602611068889928 36
0.01556385074492539 40
0.0014664234617782768 41
0.02744598583015545 43
1.8720887609902093e-05 35
0.01763173960056008 38
0.023663493196565355 45
0.007633777980572631 41
0.018622901188194874 33
0.016991090638939 38
0.025645976900506184 41
0.001332616268456377 37
0.005832030564874913 41
0.003591103312459154 45
0.044227941988339126 36
0.016575287110981662 34
0.0012712500337670463 41
0.034056304292548134 33
0.015194539571112387 45
0.019704269079227288 38
0.016071646210065182 41
0.021161987579631614 40
0.0017790957788292872 37
0.0015238373579222753 36
0.02428651116130709 47
0.0003120069758892896 45
0.005091277913024328 33
0.030240399808661778 41
0.010238671266350252 34
0.001843053039209508 35
0.011060061194612558 38
0.006905769079494917 45
0.009938408588340053 43
0.02409223887251244 41
0.03468031824432671 45
0.009829768142850526 33
0.0016240377169651765 36
0.0018866946386708605 41
0.0036868262324958323 38
0.048014241762786014 37
0.016638600342702148 45
0.0006478527532749467 41
0.05176217641677283 43
0.017816333806621287 33
0.01285692341873812 41
0.01510863455547451 45
0.016174212955078815 36
0.014247798130398337 37
0.011838793916965074 38
0.023477658356554798 41
0.01887478882360938 38
0.0036950540430780165 45
0.00599823163486235 33
0.018180630118564522 35
0.006270952578049105 41
0.022672181044924855 41
0.028612020042416475 40
0.01267120931126442 36
0.0016216079649495896 41
0.010858050045811751 45
0.027205315265689478 37
0.030541389700204036 33
0.0021740102878737844 41
0.028943121438516073 34
0.00751116119650419 45
0.00644032915157311 43
0.02515774090220191 38
0.00422665102850317 41
0.012691735351396005 38
0.01640405894976027 36
0.01772346273924086 33
0.009566747418915611 37
0.009613707488853152 45
0.06361239464118285 41
0.006443250380229415 35
0.00017071795524259414 43
0.0032377415382427444 41
0.016644074734344372 47
0.0070781011102667435 45
0.01954806468822312 33
0.020151603721274114 36
0.00356677718430376 38
0.01938579515038441 41
0.029991544883642973 37
0.020849022942641682 45
0.020292095973957203 41
0.0003052934620910719 38
0.021217231599834463 33
0.0244420148276987 40
0.003969727113087629 40
0.005871214785585721 41
0.002775286033212865 36
0.049305544389710576 45
0.012274317768145693 37
0.0142348614892569 41
0.0037893250443232773 33
0.020117838046644465 38
0.0013784737448361284 45
0.004813485418665664 41
0.02589237923292842 34
0.004952693447620504 41
0.012015938009838578 35
0.018492179019304444 43
0.032176737864915594 36
0.0025888146349899444 45
0.007872333542465526 41
0.018419598747513533 33
0.010065608629432177 37
0.03386882205724362 38
0.026906709126450323 41
0.012708441125028003 45
0.025435255916463007 38
0.004186668144967598 36
0.000989288663760135 43
0.001509805595659941 41
0.05489242729221644 33
0.00845594946022743 45
0.005368180628551045 37
0.054686108448791515 41
0.010687532176731906 40
0.004852722351131433 33
0.015671393672661793 41
0.0008479615580512245 45
0.007894283651751266 35
0.028009346982429406 36
0.008783128104482785 38
0.009020249007292591 38
0.028320168175881122 41
0.004877901253706796 51
0.011968848004499932 37
0.013844195244644197 45
0.011215250297937018 33
0.01626759422291002 41
0.03773564035071786 34
0.011532098395036883 36
0.0046910300079900935 43
0.004436078218873263 41
0.04821250651306741 45
0.01757777824471418 33
0.001537956511072025 41
0.0010057245843455576 37
0.010027033615202186 41
0.02136088726967955 38
0.0345568288300484 45
0.0017379321663213432 38
0.01336646728815083 41
0.01471954972564049 36
0.018200039771343768 35
0.0171410689566045 33
0.004991377862651802 45
0.001807859372277676 43
0.040104206569196776 41
0.027453389292503516 37
0.002668767114954562 40
0.011189914979809146 41
0.011506371546701644 49
0.011465391901978705 45
0.005761850409840008 38
0.0030325341409849216 33
0.02727029999734043 36
0.05219181028795106 41
0.01803455268871801 45
0.008444093650666673 41
0.0058834191284660164 37
0.01923348811240544 38
0.024866566787238753 33
0.011798795297892184 34
0.0023192956938231646 41
0.009141675378884884 36
0.007374576613088379 45
0.020817131111087406 51
0.004222992706345963 35
0.011876970643157847 43
0.014473720830267212 38
0.027198472944746754 41
0.013758021889401562 33
0.0060538488746431085 45
0.02321601926786343 37
0.007624396518792764 41
0.00819305214281485 40
0.016091442723407567 34
0.03464050155017162 36
0.003676970041468053 47
0.00022565561894793973 41
0.02061028937902165 45
0.009557012726645553 33
0.005400269117814105 38
0.03180670605345881 41
0.002626430080781006 43
0.007117242887616726 41
0.0030854774103374893 38
0.005147510492321317 40
0.014370948590084254 37
0.03177730769581899 45
0.00872787590049029 36
0.014473417051149795 41
0.012149362020593912 33
0.02459656150823264 45
0.007997362561823707 35
0.011009659834854801 45
0.053916480848414494 41
0.01630988212824036 37
0.00811088910435842 41
0.010374974822227045 33
0.002375855864116261 45
0.007846486814827358 36
0.0016529715524598032 38
0.0160972245120945 34
0.023767960306585678 38
0.022216010037809042 41
0.02576537765020248 43
0.022244975288657542 45
0.0017483611575528357 41
0.020508006772331555 33
0.02819494755198093 37
0.019775047494789533 36
0.007250548472782725 41
0.0430486218506303 45
0.012486832039655837 38
0.002826193824361667 35
0.004614166789224328 33
0.023074207710862993 41
0.01367186452336 40
0.02407654575380036 45
0.001701229627514067 37
0.0042575145718473095 38
0.003445000789284336 43
0.009814548196388273 41
0.04943512004423667 36
0.0069919277550383185 33
0.0028011765937492328 45
0.0011835903872565723 41
0.07022636297665485 41
0.0016637710646421056 41
0.023846985715778146 38
0.003651748289058787 45
0.01024163881808704 37
0.013482996406253278 36
0.017339222682835498 33
0.0022947886371866844 41
0.052711491904688046 34
0.015220082434780124 45
0.0005563485723882877 41
0.003569952597132442 43
0.004236628414815868 35
0.033534982078663234 38
0.004626700684042362 33
0.02120414278059002 33
0.0012649844511116726 37
0.001232623397925181 36
0.014275441326631721 41
0.008979293455908532 45
0.04697162819412881 38
0.03594569512375756 41
0.004216389276479049 40
0.0036088806878353807 33
0.026455397888582866 45
0.028356972293252625 41
0.007711669915849484 36
0.02989414926976508 37
0.004263571497787666 43
0.003040125872857402 41
0.02138824865694744 45
0.009371181923640393 38
0.011046142046993168 33
0.025380664476230663 38
0.015692962952599032 41
0.0035255571980457034 35
0.013317129483638723 40
0.02541091835014697 45
0.012279794992238635 36
0.004408529290572005 41
0.023028499216053433 37
0.0046289268531438665 33
0.01238880673327003 41
0.01757641130268439 34
0.008195189580931128 45
0.04912305008360818 41
0.017313612134728373 43
0.003789700758318304 38
0.01730980069893917 41
0.0037646998609091042 36
0.0002258336206466538 33
0.019193485294778156 45
0.0024809598734378824 38
0.027251583627958098 37
0.04881718253666634 41
0.0019786754052688593 40
0.008838823413526598 45
0.010591681621207272 47
0.01471197261304269 41
0.012547652122634645 33
0.01963977165442543 35
0.02332696658655209 36
0.010065018726692188 41
0.0012496477034744657 45
0.006486596529384769 37
0.047342957810798225 38
0.005082142206305207 43
0.008349444666251316 41
0.03121109782189535 33
0.01699872193258045 45
0.013667098555927737 38
0.006262629104639927 41
0.0436182873836799 36
0.019175149761267107 37
0.0011702967270821318 45
0.0019869167194457305 41
0.01230073569362844 33
0.002100720159177172 51
0.02300385410521244 34
0.030834136299205284 38
0.027463388618173212 41
0.0008618384161707127 43
0.007526997761459597 45
0.0029740617229663258 36
0.026489214587996912 35
0.0005352506425424508 41
0.004375611227345644 33
0.018220803569789723 41
0.03959994722599447 37
0.003867919153790922 45
0.00853769302707974 40
0.0023983463895262958 41
0.05708987741300575 38
0.001494966592815672 33
0.004458630091647819 38
0.004784542489673527 36
0.017089911580555395 41
0.03969714204737329 45
0.01343930934874038 37
0.04658543534199566 41
0.006540260513716589 45
0.011199954206119855 33
0.005900712914822748 43
0.009477042130754398 41
0.01532801107073567 47
0.025587895100372293 36
0.019833414674792493 35
0.0058545961267668645 41
0.006493195009824149 45
0.006116000198403526 38
0.006663149374404043 38
0.021636227199522295 37
0.0014470165252618017 33
0.010338161593935524 34
0.011678016948550862 34
0.03535011988820713 41
0.019044529004460742 45
0.01583171408400119 36
0.005803727152738247 41
0.034596912809377045 43
0.02329255080539383 33
0.0011524528821240665 37
0.005380719327021666 45
0.0043337943858148265 41
0.02647884939668188 40
0.0031261110719782437 40
0.036150980956861645 38
0.00013662716531825936 45
0.013757881607190825 41
0.010356922827227777 36
0.00422387944270497 45
0.005699428138214557 41
0.0004911242651246539 33
0.027430373804492092 38
0.00826675289169998 35
0.03203307784900744 41
0.02157725034685143 37
0.016616034780810196 45
0.027675584068532544 41
0.015671893229821876 33
0.01218224127401868 36
0.007977360780955678 38
0.006719283623340289 43
0.01287948898061586 41
0.057346873996038994 45
0.0003729649304773375 41
0.02094009119124962 37
0.00916890038558904 33
0.01189305623475434 34
0.008219668483832265 45
0.01963168175075225 38
0.002710710012877371 41
0.05165971865109498 36
0.015855934312696718 43
0.0016441735268273305 41
0.001655735364550992 45
0.0035944104222238593 35
0.008056208861333403 38
0.0022547536237880195 33
0.021733933189892696 40
0.031287147988052766 37
0.031139697288267598 41
0.0011606084157733676 45
0.02041966407168161 36
0.01750639320093228 47
0.00858800022814421 41
0.052047220821563656 33
0.006024905121662982 45
0.0035662368052840066 38
0.007279102070086196 41
0.021206180961414134 37
0.03310294659263491 38
0.00030167177109774457 41
0.008336461581436083 36
0.002225472281352836 41
0.017678909553126232 33
0.04278412681034638 45
0.007537854331843619 43
0.014866570674456625 41
0.030978781453740112 35
0.003554553467708388 37
0.01668940171529698 45
0.004137055665452749 33
0.002415566986513795 41
0.018837567123227927 34
0.028823112639656756 36
0.020150116227256376 38
0.008669066380690538 41
0.0038301417594936993 45
0.017577561071448145 38
0.002633997986905001 40
0.02701601216587335 43
0.010499583612244123 33
0.014185239209695055 41
0.02397935093244996 37
0.012678139658774512 45
0.019383633175749537 36
0.05336425141761936 41
0.014295862485937505 33
0.0025662490731122034 45
0.0014408474906133506 41
0.02499238496695 38
0.026318256810256457 35
0.017474873708835048 37
0.010205962515428268 41
0.016723312172914007 36
0.0016353783972959945 45
0.018437070385189713 38
0.023224639505826872 33
0.0424067674143771 41
0.014018031035405443 40
0.005445139486539574 45
0.008356425040346949 43
0.021091376349303914 41
0.0019404348592217957 37
0.0015796011859521286 38
0.015184145812128236 41
0.0008436373174163236 36
0.003936344918358259 33
0.02565082253428841 34
0.015693959234539534 41
0.027254297389987414 45
0.027278106352127907 40
0.011051105733088207 41
0.023225561844128606 43
0.00372322666343905 33
0.00663020379043644 35
0.0005593849648874993 38
0.014468143411448864 45
0.009727527490341004 37
0.0008412090788851856 36
0.04462277492642386 41
0.025603588050245207 38
0.004458643780751004 41
0.023455495849674435 45
0.04231222334624363 33
0.02799751348888435 41
0.000750873123394058 37
0.005205780929912862 36
0.03627219543446358 45
0.021551611683634064 41
0.03914393129292648 33
0.0027541483270567824 38
0.0027640473406904675 45
0.004012624332347059 38
0.04956655602376259 41
0.008771426279707839 35
0.00271338492433415 36
0.005512396319232948 43
0.0036625994296173303 37
0.01518908373684269 41
0.0013200671847499734 33
0.0062097011668242885 34
0.033100891949047195 45
0.014406618939204918 40
0.0002551366502387964 41
0.05195923919960421 51
0.005646582291646496 45
0.0017568491028328026 41
0.010608555732346758 43
0.008826555790022894 41
0.008751783595513984 33
0.0001228756324422875 38
0.017202435610528255 36
0.035322712348147434 37
0.006534624945373935 41
0.004948911689240276 38
0.03432172156139757 45
0.024421104780643077 47
0.0024640278432457308 41
0.03851503255280875 33
0.006311750313116704 45
0.013842407097683918 36
0.009093145169813965 35
0.0032435377099915286 41
0.00713301952009715 37
0.028792745873346348 34
0.027158559769674184 38
0.0038985001035598543 33
0.0002482211808114698 41
0.06997814179584338 45
0.006654043423665712 41
0.015946026467162255 36
0.007143675051437981 38
0.012066042825850332 45
0.016859336609329034 37
0.001296210548858312 34
0.000267461592983409 33
0.008458434931071679 43
0.0015351315262961407 40
0.04333032957427463 41
0.015908939129417377 45
0.0015209981176411702 45
0.00946609615533589 38
0.03624363911484352 41
0.0017145066640438245 36
0.0156446612006107 43
0.016623555997171025 33
0.002473516613264337 41
0.007676158236307629 35
0.008358754638891241 37
0.03549246155773744 45
0.016225471930454205 40
0.020884140911817894 41
0.017781373924464106 41
0.008574764196424667 38
0.0007636742171968081 33
0.01782928155611785 45
0.004393128170633531 36
0.012124867562562258 41
0.03659105734516288 38
0.021510438068943927 37
0.007273114034674677 41
0.033604637051240616 45
0.029348611890739562 33
0.025196467520530064 41
0.011572170275584881 36
0.03345772518055412 45
0.011336355886598426 41
0.0027038225097584245 40
0.003015633592838185 35
0.013546922867448075 37
0.0031130964238172965 34
0.000799391858649301 38
0.020215736642640536 33
0.004683266029019251 38
0.006849935746771507 43
0.003962201419113853 45
0.05478606321170787 41
0.015440299764946985 36
0.016298484313466588 41
0.009234838028874037 43
0.002619372849977708 45
0.027469366855029875 33
0.014604300929320857 37
0.05502884610375247 41
0.0002779488945918729 45
0.014919567978324721 38
0.01414929592621661 41
0.007640871319296139 36
0.048436195731142107 33
0.0005700417505636324 41
0.013727965137974252 38
0.00966394224026601 45
0.0016448910506454695 37
0.028526846479394408 35
0.016092676317811083 41
0.015427639298735585 41
0.02831125231867304 33
5.4639032569525625e-05 36
0.026432832326690914 45
0.006671395739587638 41
0.017536447559933777 38
0.03832035588740723 40
0.00769816378974042 37
0.002536345335840906 41
0.000526346098894237 34
0.006002419917180646 45
0.049530543750350375 33
0.01163070787438869 43
0.0031021243319173664 41
0.013533362364100299 36
0.015922728500157746 38
0.03230697062851107 45
0.005361177151968377 43
0.0027025834051244146 41
0.02555977605236137 33
0.002605726810926967 38
0.006305415694129124 37
0.0248802369950738 35
0.008172624019053387 45
0.03269172002308096 41
0.006198826593205808 36
0.027675871818701125 47
0.0036599445416669596 33
0.02132289974240109 41
0.048111436584150624 45
0.0007920266501173501 37
0.0327009316414717 41
0.017152391533898026 38
0.0009651003284432136 38
0.009385466984383584 45
0.002077425226062246 33
0.007945047262396088 36
0.03707933071243019 41
0.02851568396565085 40
0.004631348298573812 40
0.010087584288612561 41
0.007069285140573811 45
0.02061735397884945 41
0.0069220953836719445 37
0.004043844953926623 34
0.005101198795770756 35
0.01638500043526392 33
0.021644548428781718 41
0.0179385596212569 36
0.018193976343710005 45
0.012449278582920442 43
0.0012179239165988065 41
0.041987600442652706 38
0.004273310235348049 43
0.0012875419923403797 33
0.020312255224524733 38
0.00114773116519018 45
0.006114110489491509 41
0.045120033630453804 37
0.018992218856709542 36
0.028347792596250088 41
0.0127685140515581 45
0.029110056328860878 33
0.022808887634496955 41
0.021871472913119305 38
0.013162955810059884 37
0.0024635091710365487 45
0.009919537447956372 35
0.010597376834454053 41
0.02415640186654855 36
0.015197039424322156 33
0.014881003407069215 40
0.005394541444260881 38
0.017112477142461557 41
0.0531138858341933 45
0.013020247629100368 41
0.003609681641805196 37
0.011761321483319875 34
0.01179572177142063 33
0.004212878826763244 36
0.0022081495514783 38
0.02361836207278145 45
0.05040641517618383 41
0.006042568687902872 41
0.0005095298211585941 51
0.013267849291423772 43
0.005877161688658816 41
0.01566870120514352 45
0.00048285991360330627 43
0.0207405701952581 33
0.008817204684561375 34
0.018190070529584546 37
0.00044979475984519013 36
0.0016471243351503517 41
0.0090237791660428 35
0.02470178194889172 38
0.030618129620194168 45
0.004235547906375814 38
0.01566619486061427 41
0.04920201435092508 33
0.005358153765115503 45
0.019926384768723437 41
0.009213416162623389 37
0.03368250460690092 36
0.007404057438421319 40
0.009303666913822894 41
0.01483370308248766 33
0.04608899298035851 45
0.017355415811522334 41
0.009380932635139061 38
0.026896545311075215 38
0.0048597410690973675 45
0.00023676179566223254 37
6.0506104262003646e-05 36
0.01143646024989664 34
0.0029411389670315202 41
0.010272647151211345 33
0.05701257685841199 35
0.012902054542536234 41
0.04323788843420573 45
0.010665031020153037 43
0.0033075904081556473 33
0.00011379857161841755 43
0.01809262933701916 41
0.008739892571284713 36
0.012113857621102397 37
0.0034511987745418082 38
0.027828784672720985 45
0.006962775333263949 41
0.0064668226132624795 40
0.018546237090021123 41
0.010825958355582088 47
0.017640652657945566 38
0.00978391692657965 33
0.0016667390887334932 41
0.046015485939463474 45
0.01771654693824587 36
0.004827591010212018 37
0.005467429974487459 41
0.01931301792684792 40
0.0063818149488241716 35
0.02291765525313849 45
0.00645742514402059 33
0.009689019729350434 38
0.06065778661159982 41
0.009568576365069248 45
0.007045457742691497 41
0.023678055463264513 36
0.0030151458419567234 34
0.013978731108579723 37
0.011149848181091215 33
0.011359124639071183 38
0.01992694739637102 41
0.050299415580283835 45
0.011901943988547714 41
0.0247331094453358 38
0.004719808775817569 36
0.00709804072990039 33
0.0009695682182098153 43
0.005898901110413135 45
0.014904990708430432 43
0.002078546129411052 41
0.03426856355503105 37
0.03387925329222696 35
0.0086916319425967 41
0.026300702320298797 45
0.031232314862165822 33
0.004001713851607747 36
0.00470632030638285 41
0.013632597080999176 38
0.015153990319049626 40
0.004694247997576895 38
0.002457640483513046 45
0.006034347506016502 37
0.02354721928311676 41
0.028629806316104123 41
0.0390528731493589 33
0.00254368351119183 45
0.02558788183958427 41
0.044638481137084796 36
0.002657123685168017 41
0.006327559583823472 34
0.01328259510032126 37
0.0046845618809072676 33
0.02096193121730039 45
0.007170099956809395 35
0.015142491552339266 38
0.020771765251851093 41
0.03440571227889677 38
0.0012698864809124188 36
0.013778998964994571 45
0.015904750422507163 41
0.010888491051659344 33
0.020757691852963944 43
0.006951868232590641 37
0.015723561416933762 43
0.015716524796445697 41
0.05450983818022337 45
0.006448472165558883 41
0.0030937503101426955 38
0.004998487769555027 33
0.016669694555034198 36
0.01400164375758095 40
0.025014314418797312 45
0.015890820408600348 41
0.02094638978871899 37
0.02264322305327937 38
0.010745929726056147 35
0.003179694528910204 41
0.0013015148137327515 33
0.039649096593791455 45
0.026096057040220444 36
0.009702326463894906 41
0.018337109419576336 41
0.005937297220611981 38
0.010840364036937444 45
0.009639973325732853 34
0.012586459092034374 37
0.0031828334178669593 33
0.0634722568655377 41
0.006754106111131364 45
0.003493538650957362 41
0.04940911649183022 36
0.00777834646919473 38
0.009545361364686755 33
0.005133580008731542 41
0.01760783764154894 43
5.553989792872471e-05 45
0.026833442053131762 37
0.020595963375313886 38
0.0008207320570363663 41
0.03226240228508459 35
0.019153807069614004 36
0.0020815322534417646 45
0.01590788931147813 33
0.06136320760634817 41
0.008863155370320897 37
0.011506102196506163 41
0.03644984352187919 45
0.014716784314913411 33
0.00629537005494285 36
0.0012582628884274527 38
0.0009950003425842624 41
0.04000662561534796 38
0.029224737018722635 45
0.029703094687818066 41
0.011890323083775911 37
0.028632945205060878 33
0.0002707867427176325 41
0.06995557623395143 45
